-- phpMyAdmin SQL Dump
-- version 4.0.4
-- http://www.phpmyadmin.net
--
-- Host: localhost
-- Generation Time: Jul 09, 2021 at 07:24 PM
-- Server version: 5.6.12-log
-- PHP Version: 5.4.12

SET SQL_MODE = "NO_AUTO_VALUE_ON_ZERO";
SET time_zone = "+00:00";


/*!40101 SET @OLD_CHARACTER_SET_CLIENT=@@CHARACTER_SET_CLIENT */;
/*!40101 SET @OLD_CHARACTER_SET_RESULTS=@@CHARACTER_SET_RESULTS */;
/*!40101 SET @OLD_COLLATION_CONNECTION=@@COLLATION_CONNECTION */;
/*!40101 SET NAMES utf8 */;

--
-- Database: `a_new_lightweight`
--
CREATE DATABASE IF NOT EXISTS `a_new_lightweight` DEFAULT CHARACTER SET latin1 COLLATE latin1_swedish_ci;
USE `a_new_lightweight`;

-- --------------------------------------------------------

--
-- Table structure for table `attacker`
--

CREATE TABLE IF NOT EXISTS `attacker` (
  `id` int(11) NOT NULL AUTO_INCREMENT,
  `user` text,
  `fname` text,
  `sk` text,
  `type` text,
  `dt` text,
  PRIMARY KEY (`id`)
) ENGINE=InnoDB  DEFAULT CHARSET=latin1 AUTO_INCREMENT=3 ;

--
-- Dumping data for table `attacker`
--

INSERT INTO `attacker` (`id`, `user`, `fname`, `sk`, `type`, `dt`) VALUES
(1, 'Hacker', 'ToyExample.txt', '[B@a60191', 'Malicious Data Attack', '30/09/2018   13:23:46'),
(2, 'tmksmanju', 'Att.jsp', '[B@1e779a1444', 'Wrong Credentials', '30/09/2018   13:26:50');

-- --------------------------------------------------------

--
-- Table structure for table `cdata`
--

CREATE TABLE IF NOT EXISTS `cdata` (
  `username` text,
  `password` text
) ENGINE=InnoDB DEFAULT CHARSET=latin1;

--
-- Dumping data for table `cdata`
--

INSERT INTO `cdata` (`username`, `password`) VALUES
('server', 'server');

-- --------------------------------------------------------

--
-- Table structure for table `cloudaudit`
--

CREATE TABLE IF NOT EXISTS `cloudaudit` (
  `id` int(11) NOT NULL AUTO_INCREMENT,
  `ownername` text,
  `fname` text,
  `mac` text,
  `sk` text,
  `dt` text,
  PRIMARY KEY (`id`)
) ENGINE=InnoDB  DEFAULT CHARSET=latin1 AUTO_INCREMENT=8 ;

--
-- Dumping data for table `cloudaudit`
--

INSERT INTO `cloudaudit` (`id`, `ownername`, `fname`, `mac`, `sk`, `dt`) VALUES
(1, 'Rajesh', 'Result.txt', '-42ee9438c9385b57ee0cc7097625b4476b28dcf8', '[B@2af8f5', '30/09/2018   09:28:42'),
(2, 'Rajesh', 'Att.jsp', '2f52733716a7c0aa92a073cd46e06b9ac82de224', '[B@1e779a1', '30/09/2018   09:37:29'),
(3, 'Manjunath', 'Cloud.java', '38166df30f3bcf7168133b6b80eba3cd82b671be', '[B@146b6db', '30/09/2018   12:37:57'),
(4, 'Manjunath', 'Proxy.java', '7d0cc580d9613e30f13b851c2c6e2236d744e2a', '[B@996cca', '30/09/2018   12:38:22'),
(7, 'Manjunath', 'ToyExample.txt', '-22dfcb5b26f2c66d1f01adc5d11143dc3bca7602', '[B@a60191', '30/09/2018   13:15:10');

-- --------------------------------------------------------

--
-- Table structure for table `cloudserver`
--

CREATE TABLE IF NOT EXISTS `cloudserver` (
  `id` int(11) NOT NULL AUTO_INCREMENT,
  `ownername` text,
  `fname` text,
  `ct` text,
  `mac` text,
  `sk` text,
  `rank` text,
  `dt` text,
  PRIMARY KEY (`id`)
) ENGINE=InnoDB  DEFAULT CHARSET=latin1 AUTO_INCREMENT=8 ;

--
-- Dumping data for table `cloudserver`
--

INSERT INTO `cloudserver` (`id`, `ownername`, `fname`, `ct`, `mac`, `sk`, `rank`, `dt`) VALUES
(1, 'Rajesh', 'Result.txt', 'PCVAcGFnZSBpbXBvcnQgPSJqYXZhLnV0aWwuKixqYXZhLnRleHQuU2ltcGxlRGF0ZUZvcm1hdCxqYXZhLnV0aWwuRGF0ZSxqYXZhLmlvLkZpbGVJbnB1dFN0cmVhbSxqYXZhLmlvLkZpbGVPdXRwdXRTdHJlYW0samF2YS5pby5QcmludFN0cmVhbSIlPg0KPCVAcGFnZSBpbXBvcnQgPSJqYXZhLnNxbC4qIiU+DQo8JUBwYWdlIGltcG9ydCA9ImphdmEuaW8uKiIlPg0KDQo8JUAgcGFnZSBpbXBvcnQ9ImphdmEuc3FsLiosamF2YS51dGlsLlJhbmRvbSIlPg0KDQo8JUAgaW5jbHVkZSBmaWxlPSJjb25uZWN0LmpzcCIlPg0KDQoNCjwlDQp0cnkNCnsNCg0KUmVzdWx0U2V0IHJzPWNvbm5lY3Rpb24uY3JlYXRlU3RhdGVtZW50KCkuZXhlY3V0ZVF1ZXJ5KCJzZWxlY3QgKiBmcm9tIHJlc3VsdHMiKTsNCiU+PGh0bWw+DQo8aGVhZD4NCjx0aXRsZT5UcmFuc2FjdGlvbiBSZXN1bHRzPC90aXRsZT4NCjxzY3JpcHQgdHlwZT0idGV4dC9qYXZhc2NyaXB0IiBzcmM9InNvdXJjZXMvanNjaGFydHMuanMiPjwvc2NyaXB0Pg0KPC9oZWFkPg0KPGJvZHk+DQo8ZGl2IGlkPSJncmFwaCI+TG9hZGluZyBncmFwaC4uLjwvZGl2Pg0KPHNjcmlwdCB0eXBlPSJ0ZXh0L2phdmFzY3JpcHQiPg0KdmFyIG15RGF0YT1uZXcgQXJyYXkoKTsNCnZhciBjb2xvcnM9W107DQoNCjwlDQoJaW50IGk9MDsNCgkNCglTdHJpbmcgczE9bnVsbDsNCgkNCgl3aGlsZShycy5uZXh0KCkpDQoJew0KCSBzMT1ycy5nZXRTdHJpbmcoMSk7DQoJaW50IHMyPUludGVnZXIucGFyc2VJbnQocnMuZ2V0U3RyaW5nKDIpKTsNCgkNCgkNCgklPg0KCQ0KCW15RGF0YVsiPCU9aSU+Il09WyI8JT0gczElPiIsPCU9IHMyJT5dOw0KICAgICAgICANCgk8JQ0KCWkrKzt9DQoJJT4NCgkNCgl2YXIgbXlDaGFydCA9IG5ldyBKU0NoYXJ0KCdncmFwaCcsICdiYXInKTsNCglteUNoYXJ0LnNldERhdGFBcnJheShteURhdGEpOw0KCW15Q2hhcnQuc2V0QmFyQ29sb3IoJyM0MmFCZEInKTsNCglteUNoYXJ0LnNldEJhck9wYWNpdHkoMC44KTsNCgkJbXlDaGFydC5zZXRTaXplKDcwMCwzMjApOw0KCW15Q2hhcnQuc2V0QmFyQm9yZGVyQ29sb3IoJyNEOUVERjcnKTsNCglteUNoYXJ0LnNldEJhclZhbHVlcyh0cnVlKTsNCglteUNoYXJ0LnNldFRpdGxlQ29sb3IoJyM4QzgzODMnKTsNCglteUNoYXJ0LnNldEF4aXNDb2xvcignIzc3N0U4OScpOw0KCW15Q2hhcnQuc2V0QXhpc1ZhbHVlc0NvbG9yKCcjNzc3RTgxJyk7DQoJbXlDaGFydC5kcmF3KCk7DQoJDQo8L3NjcmlwdD4NCg0KPC9ib2R5Pg0KPC9odG1sPg0KPCUNCn0NCmNhdGNoKEV4Y2VwdGlvbiBlKQ0Kew0KZS5wcmludFN0YWNrVHJhY2UoKTsNCn0NCiU+DQoNCg==', '-42ee9438c9385b57ee0cc7097625b4476b28dcf8', '[B@2af8f5', '3', '30/09/2018   09:28:42'),
(2, 'Rajesh', 'Att.jsp', 'PCFET0NUWVBFIGh0bWwgUFVCTElDICItLy9XM0MvL0RURCBYSFRNTCAxLjAgVHJhbnNpdGlvbmFsLy9FTiIgImh0dHA6Ly93d3cudzMub3JnL1RSL3hodG1sMS9EVEQveGh0bWwxLXRyYW5zaXRpb25hbC5kdGQiPg0KPCVAcGFnZSBpbXBvcnQ9ImphdmEudXRpbC4qIiU+DQo8JUAgaW5jbHVkZSBmaWxlPSJjb25uZWN0LmpzcCIlPg0KPCVAcGFnZQ0KCWltcG9ydD0iamF2YS51dGlsLiosamF2YS5zZWN1cml0eS5LZXksamF2YS51dGlsLlJhbmRvbSxqYXZheC5jcnlwdG8uQ2lwaGVyLGphdmF4LmNyeXB0by5zcGVjLlNlY3JldEtleVNwZWMsb3JnLmJvdW5jeWNhc3RsZS51dGlsLmVuY29kZXJzLkJhc2U2NCIlPg0KPCVAIHBhZ2UNCglpbXBvcnQ9ImphdmEuc3FsLiosamF2YS51dGlsLlJhbmRvbSxqYXZhLmlvLlByaW50U3RyZWFtLGphdmEuaW8uRmlsZU91dHB1dFN0cmVhbSxqYXZhLmlvLkZpbGVJbnB1dFN0cmVhbSxqYXZhLnNlY3VyaXR5LkRpZ2VzdElucHV0U3RyZWFtLGphdmEubWF0aC5CaWdJbnRlZ2VyLGphdmEuc2VjdXJpdHkuTWVzc2FnZURpZ2VzdCxqYXZhLmlvLkJ1ZmZlcmVkSW5wdXRTdHJlYW0iJT4NCjwlQCBwYWdlDQoJaW1wb3J0PSJqYXZhLnNlY3VyaXR5LktleSxqYXZhLnNlY3VyaXR5LktleVBhaXIsamF2YS5zZWN1cml0eS5LZXlQYWlyR2VuZXJhdG9yLGphdmF4LmNyeXB0by5DaXBoZXIiJT4NCjwlQHBhZ2UNCglpbXBvcnQ9ImphdmEudXRpbC4qLGphdmEudGV4dC5TaW1wbGVEYXRlRm9ybWF0LGphdmEudXRpbC5EYXRlLGphdmEuaW8uRmlsZUlucHV0U3RyZWFtLGphdmEuaW8uRmlsZU91dHB1dFN0cmVhbSxqYXZhLmlvLlByaW50U3RyZWFtIiU+DQoNCjxodG1sIHhtbG5zPSJodHRwOi8vd3d3LnczLm9yZy8xOTk5L3hodG1sIj4NCjxoZWFkPg0KPHRpdGxlPkF0dGFjazwvdGl0bGU+DQo8bWV0YSBodHRwLWVxdWl2PSJDb250ZW50LVR5cGUiIGNvbnRlbnQ9InRleHQvaHRtbDsgY2hhcnNldD11dGYtOCIgLz4NCjxsaW5rIGhyZWY9ImNzcy9zdHlsZS5jc3MiIHJlbD0ic3R5bGVzaGVldCIgdHlwZT0idGV4dC9jc3MiIC8+DQo8bGluayByZWw9InN0eWxlc2hlZXQiIHR5cGU9InRleHQvY3NzIiBocmVmPSJjc3MvY29pbi1zbGlkZXIuY3NzIiAvPg0KPHNjcmlwdCB0eXBlPSJ0ZXh0L2phdmFzY3JpcHQiIHNyYz0ianMvY3Vmb24teXVpLmpzIj48L3NjcmlwdD4NCjxzY3JpcHQgdHlwZT0idGV4dC9qYXZhc2NyaXB0IiBzcmM9ImpzL2N1Zm9uLWFsbGVyLmpzIj48L3NjcmlwdD4NCjxzY3JpcHQgdHlwZT0idGV4dC9qYXZhc2NyaXB0IiBzcmM9ImpzL2pxdWVyeS0xLjQuMi5taW4uanMiPjwvc2NyaXB0Pg0KPHNjcmlwdCB0eXBlPSJ0ZXh0L2phdmFzY3JpcHQiIHNyYz0ianMvc2NyaXB0LmpzIj48L3NjcmlwdD4NCjxzY3JpcHQgdHlwZT0idGV4dC9qYXZhc2NyaXB0IiBzcmM9ImpzL2NvaW4tc2xpZGVyLm1pbi5qcyI+PC9zY3JpcHQ+DQo8c3R5bGUgdHlwZT0idGV4dC9jc3MiPg0KPCEtLQ0KLnN0eWxlNyB7Y29sb3I6ICM5OTdBNjh9DQouc3R5bGU4IHtmb250LXNpemU6IDI0cHh9DQouc3R5bGU5IHsNCgljb2xvcjogI0ZGMDAwMDsNCglmb250LXNpemU6IDI0cHg7DQp9DQotLT4NCjwvc3R5bGU+DQo8L2hlYWQ+DQo8Ym9keT4NCjxkaXYgY2xhc3M9Im1haW4iPg0KICA8ZGl2IGNsYXNzPSJoZWFkZXIiPg0KICAgIDxkaXYgY2xhc3M9ImhlYWRlcl9yZXNpemUiPg0KICAgICAgPGRpdiBjbGFzcz0ibWVudV9uYXYiPg0KICAgICAgICA8dWw+DQogICAgICAgICAgPGxpPjxhIGhyZWY9IlVfVXBsb2FkLmpzcCI+PHNwYW4+VXBsb2FkPC9zcGFuPjwvYT48L2xpPg0KICAgICAgICAgIDxsaT48YSBocmVmPSJDbG91ZERhdGFTZXJ2ZXIuanNwIj48c3Bhbj5DbG91ZCBEYXRhIFNlcnZlciA8L3NwYW4+PC9hPjwvbGk+DQogICAgICAgICAgIDxsaT48YSBocmVmPSJEYXRhT3duZXIuanNwIj48c3Bhbj5EYXRhIE93bmVyIDwvc3Bhbj48L2E+PC9saT4NCiAgICAgICAgICAgPGxpIGNsYXNzPSJhY3RpdmUiPjxhIGhyZWY9IkVuZFVzZXIuanNwIj48c3Bhbj5FbmQgVXNlciA8L3NwYW4+PC9hPjwvbGk+DQogICAgICAgIDwvdWw+DQogICAgICA8L2Rpdj4NCiAgICAgIDxkaXYgY2xhc3M9ImxvZ28iPg0KDQo8aDEgY2xhc3M9InN0eWxlOCI+PGEgaHJlZj0iaW5kZXguaHRtbCI+PGEgaHJlZj0iaW5kZXguaHRtbCI+IDxzcGFuIGNsYXNzPSJzdHlsZTgiPkEgTmV3IExpZ2h0d2VpZ2h0IFN5bW1ldHJpYyBTZWFyY2hhYmxlIEVuY3J5cHRpb24gU2NoZW1lIGZvciBTdHJpbmcgSWRlbnRpZmljYXRpb248L3NwYW4+PC9hPjwvaDE+DQoNCiAgICAgIDwvZGl2Pg0KICAgICAgPGRpdiBjbGFzcz0iY2xyIj48L2Rpdj4NCiAgICAgIDxkaXYgY2xhc3M9InNsaWRlciI+DQogICAgICAgIDxkaXYgaWQ9ImNvaW4tc2xpZGVyIj48YSBocmVmPSIjIj48aW1nIHNyYz0iaW1hZ2VzL3NsaWRlMS5qcGciIHdpZHRoPSI5NDAiIGhlaWdodD0iMjcxIiBhbHQ9IiIgLz48L2E+IDxhIGhyZWY9IiMiPjxpbWcgc3JjPSJpbWFnZXMvc2xpZGUyLmpwZyIgd2lkdGg9Ijk0MCIgaGVpZ2h0PSIyNzEiIGFsdD0iIiAvPjwvYT4gPGEgaHJlZj0iIyI+PGltZyBzcmM9ImltYWdlcy9zbGlkZTMuanBnIiB3aWR0aD0iOTQwIiBoZWlnaHQ9IjI3MSIgYWx0PSIiIC8+PC9hPjwvZGl2Pg0KICAgICAgPC9kaXY+DQogICAgICA8ZGl2IGNsYXNzPSJjbHIiPjwvZGl2Pg0KICAgIDwvZGl2Pg0KICA8L2Rpdj4NCiAgPGRpdiBjbGFzcz0iY29udGVudCI+DQogICAgPGRpdiBjbGFzcz0iY29udGVudF9yZXNpemUiPg0KICAgICAgPGRpdiBjbGFzcz0ibWFpbmJhciI+DQogICAgICAgIDxkaXYgY2xhc3M9ImFydGljbGUiPg0KICAgICAgICAgIDxoMj5Eb3dubG9hZCA8c3BhbiBjbGFzcz0ic3R5bGU3Ij5GaWxlczwvc3Bhbj48L2gyPg0KICAgICAgICAgIDxwIGNsYXNzPSJpbmZvcG9zdCI+Jm5ic3A7PC9wPg0KICAgICAgICAgIDxkaXYgY2xhc3M9ImNsciI+PC9kaXY+DQogIA0KDQoNCg0KPCUNCgkNCglpbnQgaTsNCiAJU3RyaW5nIHMyLCBzMywgczQsIHM1LCBzNiwgczcsIHMxMj0iIiwgczEzPSIiLCBzMTQ9IiIsIHMxNT0iIiwgczE2PSIiOw0KCXRyeSB7DQoJCQ0KCQkJU3RyaW5nIGZpbGUgPSByZXF1ZXN0LmdldFBhcmFtZXRlcigidDEiKTsNCgkJCVN0cmluZyBvbiA9IHJlcXVlc3QuZ2V0UGFyYW1ldGVyKCJ0MTIiKTsNCgkJCQlTdHJpbmcgY24gPSByZXF1ZXN0LmdldFBhcmFtZXRlcigiY2wiKTsNCgkJCVN0cmluZyBjb250ID0gcmVxdWVzdC5nZXRQYXJhbWV0ZXIoInRleHQiKTsvL2NoDQoJCQlTdHJpbmcga2V5cyA9ICJlZjUwYTBlZjJjM2UzYTVmIjsNCgkJCVN0cmluZyBoMSA9ICIiOw0KCQkJU3RyaW5nIGZpbGVuYW1lID0gImZpbGVuYW1lLnR4dCI7DQoNCgkJCWkgPSAxOw0KDQoJCQlieXRlW10ga2V5VmFsdWUgPSBrZXlzLmdldEJ5dGVzKCk7DQoJCQlLZXkga2V5ID0gbmV3IFNlY3JldEtleVNwZWMoa2V5VmFsdWUsICJBRVMiKTsNCgkJCUNpcGhlciBjID0gQ2lwaGVyLmdldEluc3RhbmNlKCJBRVMiKTsNCgkJCWMuaW5pdChDaXBoZXIuRU5DUllQVF9NT0RFLCBrZXkpOw0KCQkJU3RyaW5nIGVuY3J5cHRlZFZhbHVlID0gbmV3IFN0cmluZyhCYXNlNjQuZW5jb2RlKGNvbnQNCgkJCQkJLmdldEJ5dGVzKCkpKTsNCgkJCQ0KCQkJUHJpbnRTdHJlYW0gcCA9IG5ldyBQcmludFN0cmVhbShuZXcgRmlsZU91dHB1dFN0cmVhbShmaWxlbmFtZSkpOw0KCQkJcC5wcmludChuZXcgU3RyaW5nKGNvbnQpKTsNCg0KCQkJTWVzc2FnZURpZ2VzdCBtZCA9IE1lc3NhZ2VEaWdlc3QuZ2V0SW5zdGFuY2UoIlNIQTEiKTsNCgkJCUZpbGVJbnB1dFN0cmVhbSBmaXMxMSA9IG5ldyBGaWxlSW5wdXRTdHJlYW0oZmlsZW5hbWUpOw0KCQkJRGlnZXN0SW5wdXRTdHJlYW0gZGlzMSA9IG5ldyBEaWdlc3RJbnB1dFN0cmVhbShmaXMxMSwgbWQpOw0KCQkJQnVmZmVyZWRJbnB1dFN0cmVhbSBiaXMxID0gbmV3IEJ1ZmZlcmVkSW5wdXRTdHJlYW0oZGlzMSk7DQoNCgkJCS8vUmVhZCB0aGUgYmlzIHNvIFNIQTEgaXMgYXV0byBjYWxjdWxhdGVkIGF0IGRpcw0KCQkJd2hpbGUgKHRydWUpIHsNCgkJCQlpbnQgYjEgPSBiaXMxLnJlYWQoKTsNCgkJCQlpZiAoYjEgPT0gLTEpDQoJCQkJCWJyZWFrOw0KCQkJfQ0KDQoJCQlCaWdJbnRlZ2VyIGJpMSA9IG5ldyBCaWdJbnRlZ2VyKG1kLmRpZ2VzdCgpKTsNCgkJCVN0cmluZyBzcGwxID0gYmkxLnRvU3RyaW5nKCk7DQoJCQloMSA9IGJpMS50b1N0cmluZygxNik7DQoJCQlLZXlQYWlyR2VuZXJhdG9yIGtnID0gS2V5UGFpckdlbmVyYXRvci5nZXRJbnN0YW5jZSgiUlNBIik7DQoJCQlDaXBoZXIgZW5jb2RlciA9IENpcGhlci5nZXRJbnN0YW5jZSgiUlNBIik7DQoJCQlLZXlQYWlyIGtwID0ga2cuZ2VuZXJhdGVLZXlQYWlyKCk7DQoNCgkJCUtleSBwdWJLZXkgPSBrcC5nZXRQdWJsaWMoKTsNCg0KCQkJYnl0ZVtdIHB1YiA9IHB1YktleS5nZXRFbmNvZGVkKCk7DQoJCQkvLwkJCQlTeXN0ZW0ub3V0LnByaW50bG4oIlBVQkxJQyBLRVkiICsgcHViKTsNCg0KCQkJU3RyaW5nIHBrID0gU3RyaW5nLnZhbHVlT2YocHViKTsNCgkJCVN0cmluZyB0eXBlID0gIk1hbGljaW91cyBEYXRhIEF0dGFjayI7DQoJCQlTdHJpbmcgc3RyUXVlcnkzID0gIlNlbGVjdCAqIEZST00gY2xvdWRzZXJ2ZXIgd2hlcmUgZm5hbWU9JyINCgkJCQkrIGZpbGUgKyAiJyI7DQoNCgkJU3RhdGVtZW50IHN0YSA9IGNvbm5lY3Rpb24uY3JlYXRlU3RhdGVtZW50KCk7DQoNCgkJUmVzdWx0U2V0IHJzYSA9IHN0YS5leGVjdXRlUXVlcnkoc3RyUXVlcnkzKTsNCgkJaWYgKHJzYS5uZXh0KCkpIHsNCgkJCWkgPSByc2EuZ2V0SW50KDEpOy8vaWQNCgkJCXMxMiA9IHJzYS5nZXRTdHJpbmcoMyk7Ly9mbmFtZQ0KCQkJczEzID0gcnNhLmdldFN0cmluZygyKTsvL29uDQoJCQlzMTQgPSByc2EuZ2V0U3RyaW5nKDUpOy8vbWFjDQoJCQlzMTUgPSByc2EuZ2V0U3RyaW5nKDYpOy8vc2sNCgkJCXMxNiA9IHJzYS5nZXRTdHJpbmcoNyk7Ly9yYW5rDQoJCQkNCgkJCQ0KCQkJJT4NCg0KPCUNCgkJDQovL2ZuLG9uLG1hYyxzaw0KCQkNCgkJCQ0KCQl9DQoJCQlTaW1wbGVEYXRlRm9ybWF0IHNkZkRhdGUgPSBuZXcgU2ltcGxlRGF0ZUZvcm1hdCgNCgkJCQkJImRkL01NL3l5eXkiKTsNCgkJCVNpbXBsZURhdGVGb3JtYXQgc2RmVGltZSA9IG5ldyBTaW1wbGVEYXRlRm9ybWF0KCJISDptbTpzcyIpOw0KDQoJCQlEYXRlIG5vdyA9IG5ldyBEYXRlKCk7DQoNCgkJCVN0cmluZyBzdHJEYXRlID0gc2RmRGF0ZS5mb3JtYXQobm93KTsNCgkJCVN0cmluZyBzdHJUaW1lID0gc2RmVGltZS5mb3JtYXQobm93KTsNCgkJCVN0cmluZyBkdCA9IHN0ckRhdGUgKyAiICAgIiArIHN0clRpbWU7DQoJCQkNCgkJCQ0KCQkJCQ0KCQkJCVN0cmluZyBzdHJRdWVyeTIgPSAidXBkYXRlIGNsb3VkYXVkaXQgc2V0IG1hYz0nIiArIGgxICsgIicsc2s9JyIgKyBwaw0KCQkJCQkJKyAiJyB3aGVyZSBmbmFtZT0nIiArIGZpbGUgKyAiJyAiOw0KCQkJCWNvbm5lY3Rpb24uY3JlYXRlU3RhdGVtZW50KCkuZXhlY3V0ZVVwZGF0ZShzdHJRdWVyeTIpOw0KCQkJDQoNCgkJCVN0cmluZyBzdHJRdWVyeTI1ID0gImluc2VydCBpbnRvIGF0dGFja2VyKHVzZXIsZm5hbWUsc2ssdHlwZSxkdCkgdmFsdWVzKCciDQoJCQkJCSsgb24NCgkJCQkJKyAiJywnIg0KCQkJCQkrIGZpbGUNCgkJCQkJKyAiJywnIg0KCQkJCQkrIHBrDQoJCQkJCSsgIicsJyINCgkJCQkJKyB0eXBlDQoJCQkJCSsgIicsJyIgKyBkdCArICInKSI7DQoJCQljb25uZWN0aW9uLmNyZWF0ZVN0YXRlbWVudCgpLmV4ZWN1dGVVcGRhdGUoc3RyUXVlcnkyNSk7DQolPg0KDQoNCg0KDQoNCg0KPHA+DQo8aDEgY2xhc3M9InN0eWxlOSIgPkF0dGFja2VkIFN1Y2Nlc3MgRnVsbHkhISE8L2gxPg0KPC9wPg0KPGJyIC8+DQoNCjwlDQoJY29ubmVjdGlvbi5jbG9zZSgpOw0KDQoNCgl9IGNhdGNoIChFeGNlcHRpb24gZSkgew0KCQlvdXQucHJpbnRsbihlLmdldE1lc3NhZ2UoKSk7DQoJCWUucHJpbnRTdGFja1RyYWNlKCk7DQoJfQ0KJT4NCg0KDQo8YSBocmVmPSJBdHRhY2suanNwIj5CYWNrPC9hPg0KDQoNCg0KDQoNCg0KDQogICAgICAgICAgDQogICAgICAgICAgPGRpdiBjbGFzcz0iY2xyIj48L2Rpdj4NCiAgICAgICAgPC9kaXY+DQogICAgIA0KICAgICAgPC9kaXY+DQogICAgICANCiAgICAgIDxkaXYgY2xhc3M9ImNsciI+PC9kaXY+DQogICAgPC9kaXY+DQogIDwvZGl2Pg0KICAgPGRpdiBjbGFzcz0iZmJnIj4NCiAgICA8ZGl2IGNsYXNzPSJmYmdfcmVzaXplIj4NCiAgICAgIDxkaXYgY2xhc3M9ImNsciI+PC9kaXY+DQogICAgPC9kaXY+DQogIDwvZGl2Pg0KICA8ZGl2IGNsYXNzPSJmb290ZXIiPg0KICAgIDxkaXYgY2xhc3M9ImZvb3Rlcl9yZXNpemUiPg0KICAgICAgPGRpdiBzdHlsZT0iY2xlYXI6Ym90aDsiPjwvZGl2Pg0KICAgIDwvZGl2Pg0KICA8L2Rpdj4NCjwvZGl2Pg0KPGRpdiBhbGlnbj1jZW50ZXI+PC9kaXY+DQo8L2JvZHk+DQo8L2h0bWw+', '2f52733716a7c0aa92a073cd46e06b9ac82de224', '[B@1e779a1', '4', '30/09/2018   09:37:29'),
(3, 'Manjunath', 'Cloud.java', 'aW1wb3J0IGphdmEuYXd0LkNvbG9yOw0KaW1wb3J0IGphdmEuYXd0LkNvbnRhaW5lcjsNCmltcG9ydCBqYXZhLmF3dC5NZW51Ow0KaW1wb3J0IGphdmEuYXd0Lk1lbnVCYXI7DQppbXBvcnQgamF2YS5hd3QuTWVudUl0ZW07DQppbXBvcnQgamF2YS5hd3QuZXZlbnQuQWN0aW9uRXZlbnQ7DQppbXBvcnQgamF2YS5hd3QuZXZlbnQuQWN0aW9uTGlzdGVuZXI7DQppbXBvcnQgamF2YS5pby5CdWZmZXJlZElucHV0U3RyZWFtOw0KaW1wb3J0IGphdmEuaW8uQnVmZmVyZWRPdXRwdXRTdHJlYW07DQppbXBvcnQgamF2YS5pby5CdWZmZXJlZFJlYWRlcjsNCmltcG9ydCBqYXZhLmlvLkRhdGFJbnB1dFN0cmVhbTsNCmltcG9ydCBqYXZhLmlvLkRhdGFPdXRwdXRTdHJlYW07DQppbXBvcnQgamF2YS5pby5GaWxlOw0KaW1wb3J0IGphdmEuaW8uRmlsZUlucHV0U3RyZWFtOw0KaW1wb3J0IGphdmEuaW8uRmlsZU91dHB1dFN0cmVhbTsNCmltcG9ydCBqYXZhLmlvLklucHV0U3RyZWFtUmVhZGVyOw0KaW1wb3J0IGphdmEubWF0aC5CaWdJbnRlZ2VyOw0KaW1wb3J0IGphdmEubmV0LlNlcnZlclNvY2tldDsNCmltcG9ydCBqYXZhLm5ldC5Tb2NrZXQ7DQppbXBvcnQgamF2YS5zZWN1cml0eS5EaWdlc3RJbnB1dFN0cmVhbTsNCmltcG9ydCBqYXZhLnNlY3VyaXR5LktleTsNCmltcG9ydCBqYXZhLnNlY3VyaXR5LktleVBhaXI7DQppbXBvcnQgamF2YS5zZWN1cml0eS5LZXlQYWlyR2VuZXJhdG9yOw0KaW1wb3J0IGphdmEuc2VjdXJpdHkuTWVzc2FnZURpZ2VzdDsNCmltcG9ydCBqYXZhLnNxbC5Db25uZWN0aW9uOw0KaW1wb3J0IGphdmEuc3FsLkRyaXZlck1hbmFnZXI7DQppbXBvcnQgamF2YS5zcWwuUmVzdWx0U2V0Ow0KaW1wb3J0IGphdmEuc3FsLlN0YXRlbWVudDsNCmltcG9ydCBqYXZhLnRleHQuU2ltcGxlRGF0ZUZvcm1hdDsNCmltcG9ydCBqYXZhLnV0aWwuRGF0ZTsNCmltcG9ydCBqYXZheC5jcnlwdG8uQ2lwaGVyOw0KaW1wb3J0IGphdmF4LnN3aW5nLkJvcmRlckZhY3Rvcnk7DQppbXBvcnQgamF2YXguc3dpbmcuSW1hZ2VJY29uOw0KaW1wb3J0IGphdmF4LnN3aW5nLkpCdXR0b247DQppbXBvcnQgamF2YXguc3dpbmcuSkZyYW1lOw0KaW1wb3J0IGphdmF4LnN3aW5nLkpMYWJlbDsNCmltcG9ydCBqYXZheC5zd2luZy5KT3B0aW9uUGFuZTsNCmltcG9ydCBqYXZheC5zd2luZy5KU2Nyb2xsUGFuZTsNCmltcG9ydCBqYXZheC5zd2luZy5KVGFibGU7DQppbXBvcnQgamF2YXguc3dpbmcuSlRleHRBcmVhOw0KaW1wb3J0IGphdmF4LnN3aW5nLkpUZXh0RmllbGQ7DQppbXBvcnQgamF2YXguc3dpbmcuVGltZXI7DQppbXBvcnQgamF2YXguc3dpbmcuYm9yZGVyLkJvcmRlcjsNCg0KcHVibGljIGNsYXNzIENsb3VkU2VydmVyIGV4dGVuZHMgSkZyYW1lIGltcGxlbWVudHMgQWN0aW9uTGlzdGVuZXIgew0KCS8qKg0KCSAqIA0KCSAqLw0KCXByaXZhdGUgc3RhdGljIGZpbmFsIGxvbmcgc2VyaWFsVmVyc2lvblVJRCA9IDI3NDk2MTkxMjQ0OTE3NDcyMTlMOw0KCWludCBjb2w7DQoJSlNjcm9sbFBhbmUgcGFuZTsNCglKVGFibGUgdGFibGU7DQoJaW50IHYsIGg7DQoJU3RyaW5nIHMsIGQsIGNhbGwsIGR0Ow0KDQoJcHVibGljIEpUZXh0QXJlYSB0ZiA9IG5ldyBKVGV4dEFyZWEoKTsNCglwdWJsaWMgSlRleHRGaWVsZCBmbmFtZSA9IG5ldyBKVGV4dEZpZWxkKCk7DQoJcHVibGljIEpTY3JvbGxQYW5lIHBhbmUxID0gbmV3IEpTY3JvbGxQYW5lKCk7DQoNCglDaXBoZXIgZW5jb2RlciA9IG51bGw7DQoJS2V5IHByS2V5Ow0KCXB1YmxpYyBzdGF0aWMgS2V5IHB1YktleTsNCg0KCXB1YmxpYyBKQnV0dG9uIGNsb3VkLCBtb2RpZnksIG1vZGlmeTEsIHRyYW5zOw0KDQoJQ29udGFpbmVyIGM7DQoJTWVudUJhciBtYnI7DQoJTWVudSBmaWxlOw0KCU1lbnVJdGVtIGJ1LCBleGl0LCBhdHRhY2tlcixhYncsY2J3Ow0KCXB1YmxpYyBJbWFnZUljb24gaW07DQoJcHVibGljIEpMYWJlbCBpbWFnZSwgbDMsIGwxLCBsMjsNCglTdHJpbmcgbWFjOw0KCUpUZXh0RmllbGQgdDE7DQoJU3RyaW5nIG1vZGlmeWZpbGVuYW1lOw0KCUZpbGUgZjE7DQoNCglwdWJsaWMgQ2xvdWRTZXJ2ZXIoKSB7DQoJCXRmLnNldENvbHVtbnMoMjAwKTsNCgkJdGYuc2V0Um93cygxMDApOw0KCQl0Zi5zZXROYW1lKCJ0ZiIpOw0KCQlwYW5lMS5zZXROYW1lKCJwYW5lIik7DQoJCXBhbmUxLnNldFZpZXdwb3J0Vmlldyh0Zik7DQoJCXBhbmUxLnNldEJvdW5kcygyMTAsIDI1MCwgNDAwLCAyMjApOw0KDQoJCWwzID0gbmV3IEpMYWJlbCgiRmlsZSBOYW1lIik7DQoNCgkJdDEgPSBuZXcgSlRleHRGaWVsZCgxNSk7DQoJCXQxLnNldEJvdW5kcygyMTAsIDE3NSwgMjAwLCAzMCk7DQoNCgkJQm9yZGVyIGIxMSA9IEJvcmRlckZhY3RvcnkuY3JlYXRlQmV2ZWxCb3JkZXIoMCk7DQoJCWwxID0gbmV3IEpMYWJlbCgpOw0KCQlsMS5zZXRCb3JkZXIoYjExKTsNCgkJbDEuc2V0Qm91bmRzKDM1LCAxNDUsIDYwMCwgMzUwKTsNCg0KCQlCb3JkZXIgYjIyID0gQm9yZGVyRmFjdG9yeS5jcmVhdGVCZXZlbEJvcmRlcigwKTsNCgkJbDIgPSBuZXcgSkxhYmVsKCk7DQoJCWwyLnNldEJvcmRlcihiMjIpOw0KCQlsMi5zZXRCb3VuZHMoNjUwLCAxNDUsIDIyOCwgMzUwKTsNCg0KCQltYnIgPSBuZXcgTWVudUJhcigpOw0KCQlzZXRNZW51QmFyKG1icik7DQoNCgkJZmlsZSA9IG5ldyBNZW51KCJGaWxlIik7DQoNCgkJYnUgPSBuZXcgTWVudUl0ZW0oIlVuIEJsb2NrIFVzZXIiKTsNCgkJY2J3ID0gbmV3IE1lbnVJdGVtKCJWaWV3IENvc3QgYW5kIEJhbmRXaWR0aCIpOw0KDQoJCWV4aXQgPSBuZXcgTWVudUl0ZW0oIkV4aXQiKTsNCg0KCQlhdHRhY2tlciA9IG5ldyBNZW51SXRlbSgiVmlldyBBdHRhY2tlcnMiKTsNCgkJYWJ3ID0gbmV3IE1lbnVJdGVtKCJBbGxvY2F0ZSBCVyIpOw0KDQoJCWZpbGUuYWRkKGJ1KTsNCgkJZmlsZS5hZGQoYXR0YWNrZXIpOw0KCQlmaWxlLmFkZChhYncpOw0KCQlmaWxlLmFkZChjYncpOw0KCQlmaWxlLmFkZChleGl0KTsNCg0KCQltYnIuYWRkKGZpbGUpOw0KDQoJCXNldFRpdGxlKCJDbG91ZCBTZXJ2ZXI6OkR5bmFtaWMgQ2xvdWQgUHJpY2luZyBmb3IgUmV2ZW51ZSBNYXhpbWl6YXRpb24iKTsNCg0KCQljbG91ZCA9IG5ldyBKQnV0dG9uKCJWaWV3IEFsbCBPd25lciBGaWxlcyIpOw0KCQlpbSA9IG5ldyBJbWFnZUljb24odGhpcy5nZXRDbGFzcygpLmdldFJlc291cmNlKCJDbG91ZFNlcnZlci5wbmciKSk7DQoJCWltYWdlID0gbmV3IEpMYWJlbCgpOw0KCQlpbWFnZS5zZXRJY29uKGltKTsNCgkJbDMuc2V0Qm91bmRzKDEwNSwgMTQwLCAxMDAsIDEwMCk7DQoJCWltYWdlLnNldEJvdW5kcygwLCAwLCAxMDAwLCAxMzApOw0KCQkNCgkJDQoJCUltYWdlSWNvbiBiYW5uZXIgPSBuZXcgSW1hZ2VJY29uKHRoaXMuZ2V0Q2xhc3MoKS5nZXRSZXNvdXJjZSgiQ2xvdWRCYWNrLmpwZWciKSk7DQoJCUpMYWJlbCB0aXRsZT1uZXcgSkxhYmVsKCk7DQoJCXRpdGxlLnNldEljb24oYmFubmVyKTsNCgkJdGl0bGUuc2V0Qm91bmRzKDEwLCA1MDAsIDgwMCwzMDApOw0KCQkNCg0KCQltb2RpZnkgPSBuZXcgSkJ1dHRvbigiVmlldyBPd25lciBGaWxlIENvbnRlbnRzIik7DQoJCW1vZGlmeTEgPSBuZXcgSkJ1dHRvbigiTW9kaWZ5IE93bmVyIEZpbGUgQ29udGVudHMiKTsNCgkJdHJhbnMgPSBuZXcgSkJ1dHRvbigiVmlldyBUcmFuc2FjdGlvbnMiKTsNCgkJYyA9IGdldENvbnRlbnRQYW5lKCk7DQoJCWMuc2V0TGF5b3V0KG51bGwpOw0KCQljLnNldEJhY2tncm91bmQoQ29sb3IuQkxVRSk7DQoNCgkJYnUuYWRkQWN0aW9uTGlzdGVuZXIobmV3IGphdmEuYXd0LmV2ZW50LkFjdGlvbkxpc3RlbmVyKCkgew0KCQkJcHVibGljIHZvaWQgYWN0aW9uUGVyZm9ybWVkKGphdmEuYXd0LmV2ZW50LkFjdGlvbkV2ZW50IGV2dCkgew0KCQkJCWJ0blVuQmxvY2tBY3Rpb25QZXJmb3JtZWQoZXZ0KTsNCgkJCX0NCgkJfSk7DQoNCgkJDQoJCWNidy5hZGRBY3Rpb25MaXN0ZW5lcihuZXcgamF2YS5hd3QuZXZlbnQuQWN0aW9uTGlzdGVuZXIoKSB7DQoJCQlwdWJsaWMgdm9pZCBhY3Rpb25QZXJmb3JtZWQoamF2YS5hd3QuZXZlbnQuQWN0aW9uRXZlbnQgZXZ0KSB7DQoJCQkJYnRuY2J3QWN0aW9uUGVyZm9ybWVkKGV2dCk7DQoJCQl9DQoJCX0pOw0KCQkNCgkJYXR0YWNrZXIuYWRkQWN0aW9uTGlzdGVuZXIobmV3IGphdmEuYXd0LmV2ZW50LkFjdGlvbkxpc3RlbmVyKCkgew0KCQkJcHVibGljIHZvaWQgYWN0aW9uUGVyZm9ybWVkKGphdmEuYXd0LmV2ZW50LkFjdGlvbkV2ZW50IGV2dCkgew0KCQkJCWJ0bmF0dGFja2VyQWN0aW9uUGVyZm9ybWVkKGV2dCk7DQoJCQl9DQoJCX0pOw0KDQoJCWV4aXQuYWRkQWN0aW9uTGlzdGVuZXIobmV3IGphdmEuYXd0LmV2ZW50LkFjdGlvbkxpc3RlbmVyKCkgew0KCQkJcHVibGljIHZvaWQgYWN0aW9uUGVyZm9ybWVkKGphdmEuYXd0LmV2ZW50LkFjdGlvbkV2ZW50IGV2dCkgew0KCQkJCWJ0bkV4aXRBY3Rpb25QZXJmb3JtZWQoZXZ0KTsNCgkJCX0NCgkJfSk7DQoJCQ0KCQlhYncuYWRkQWN0aW9uTGlzdGVuZXIobmV3IGphdmEuYXd0LmV2ZW50LkFjdGlvbkxpc3RlbmVyKCkgew0KCQkJcHVibGljIHZvaWQgYWN0aW9uUGVyZm9ybWVkKGphdmEuYXd0LmV2ZW50LkFjdGlvbkV2ZW50IGV2dCkgew0KCQkJCWJ0bmFid0FjdGlvblBlcmZvcm1lZChldnQpOw0KCQkJfQ0KCQl9KTsNCgkJDQoNCgkJY2xvdWQuc2V0Qm91bmRzKDY3MCwgMTUwLCAyMDAsIDUwKTsNCgkJY2xvdWQuYWRkQWN0aW9uTGlzdGVuZXIobmV3IGphdmEuYXd0LmV2ZW50LkFjdGlvbkxpc3RlbmVyKCkgew0KCQkJcHVibGljIHZvaWQgYWN0aW9uUGVyZm9ybWVkKGphdmEuYXd0LmV2ZW50LkFjdGlvbkV2ZW50IGV2dCkgew0KCQkJCWJ0blZpZXdBY3Rpb25QZXJmb3JtZWQoZXZ0KTsNCgkJCX0NCgkJfSk7DQoJCWMuYWRkKGNsb3VkKTsNCgkJDQoNCgkJZm5hbWUuc2V0Qm91bmRzKDI3MCwgMzIwLCAzMDAsIDMwKTsNCgkJbW9kaWZ5LnNldEJvdW5kcyg2NzAsIDI1MCwgMjAwLCA1MCk7DQoJCW1vZGlmeS5hZGRBY3Rpb25MaXN0ZW5lcihuZXcgamF2YS5hd3QuZXZlbnQuQWN0aW9uTGlzdGVuZXIoKSB7DQoJCQlwdWJsaWMgdm9pZCBhY3Rpb25QZXJmb3JtZWQoamF2YS5hd3QuZXZlbnQuQWN0aW9uRXZlbnQgZXZ0KSB7DQoJCQkJYnRubW9kaWZ5QWN0aW9uUGVyZm9ybWVkKGV2dCk7DQoJCQl9DQoJCX0pOw0KDQoJCWMuYWRkKG1vZGlmeSk7DQoNCgkJbW9kaWZ5MS5zZXRCb3VuZHMoNjcwLCAzNTAsIDIwMCwgNDUpOw0KCQltb2RpZnkxLmFkZEFjdGlvbkxpc3RlbmVyKG5ldyBqYXZhLmF3dC5ldmVudC5BY3Rpb25MaXN0ZW5lcigpIHsNCgkJCXB1YmxpYyB2b2lkIGFjdGlvblBlcmZvcm1lZChqYXZhLmF3dC5ldmVudC5BY3Rpb25FdmVudCBldnQpIHsNCgkJCQlidG5tb2RpZnkxQWN0aW9uUGVyZm9ybWVkKGV2dCk7DQoJCQl9DQoJCX0pOw0KCQl0cmFucy5zZXRCb3VuZHMoNjcwLCA0MzAsIDIwMCwgNTApOw0KCQljLmFkZCh0cmFucyk7DQoJCWMuYWRkKG1vZGlmeTEpOw0KCQljLmFkZChwYW5lMSk7DQoJCWMuYWRkKGwzKTsNCgkJYy5hZGQodDEpOw0KCQljLmFkZChsMSk7DQoJCWMuYWRkKGwyKTsNCgkJYy5hZGQoaW1hZ2UpOw0KCQljLmFkZCh0cmFucyk7DQoJCWMuYWRkKHRpdGxlKTsNCgkJdHJhbnMuYWRkQWN0aW9uTGlzdGVuZXIodGhpcyk7DQoNCgkJaW50W10gcG9ydHMgPSBuZXcgaW50W10geyAxMDAwMCwgMTAwMDEsIDEwMDAzLCAxMDAwNCwgMTAyLCAxMjUwIH07DQoNCgkJZm9yIChpbnQgaSA9IDA7IGkgPCA2OyBpKyspIHsNCgkJCVRocmVhZCB0ID0gbmV3IFRocmVhZChuZXcgUG9ydExpc3RlbmVyKHBvcnRzW2ldKSk7DQoJCQl0LnNldE5hbWUoIkxpc3RlbmVyLSIgKyBwb3J0c1tpXSk7DQoJCQl0LnN0YXJ0KCk7DQoNCgkJfQ0KDQoJfQ0KDQoJcHJpdmF0ZSB2b2lkIGJ0blVuQmxvY2tBY3Rpb25QZXJmb3JtZWQoQWN0aW9uRXZlbnQgZXZ0KSB7DQoJCVVuQmxvY2tVc2VyIGJ1c2VyID0gbmV3IFVuQmxvY2tVc2VyKCk7DQoNCgkJYnVzZXIuc2V0U2l6ZSg0MDAsIDEwMCk7DQoJCWJ1c2VyLnNldFZpc2libGUodHJ1ZSk7DQoNCgl9DQoJcHJpdmF0ZSB2b2lkIGJ0bmNid0FjdGlvblBlcmZvcm1lZChBY3Rpb25FdmVudCBldnQpIHsNCgkJDQoJCVZpZXdPd25lckNvc3RCdyBjYnc9bmV3IFZpZXdPd25lckNvc3RCdygpOw0KCQljYncuc2V0U2l6ZSg2MDAsIDYwMCk7DQoJCWNidy5zZXRWaXNpYmxlKHRydWUpOw0KDQoJCQ0KCX0NCgkNCgkNCglwcml2YXRlIHZvaWQgYnRuYWJ3QWN0aW9uUGVyZm9ybWVkKEFjdGlvbkV2ZW50IGV2dCkgew0KCQkNCgkJU3RyaW5nIHVuYW1lPUpPcHRpb25QYW5lLnNob3dJbnB1dERpYWxvZygiRW50ZXIgdGhlIFVzZXJuYW1lIik7DQoJCVN0cmluZyBid3NpemU9Sk9wdGlvblBhbmUuc2hvd0lucHV0RGlhbG9nKCJBbGxvY2F0ZSB0aGUgQmFuZFdpZHRoIFNpemUiKTsNCgkJDQoJCQ0KCQl0cnkNCgkJew0KCQkJQ2xhc3MuZm9yTmFtZSgic3VuLmpkYmMub2RiYy5KZGJjT2RiY0RyaXZlciIpOw0KCQkJQ29ubmVjdGlvbiBjb25uID0gRHJpdmVyTWFuYWdlcg0KCQkJCQkuZ2V0Q29ubmVjdGlvbigiamRiYzpvZGJjOkF1dG9tYXRpYyIpOw0KCQkJU3RhdGVtZW50IHN0bXQgPSBjb25uLmNyZWF0ZVN0YXRlbWVudCgpOw0KCQkJDQoJCQlzdG10LmV4ZWN1dGVVcGRhdGUoInVwZGF0ZSBSZWdpc3RlciBzZXQgYnc9JyIrYndzaXplKyInIHdoZXJlIG5hbWU9JyIrdW5hbWUrIiciKTsNCgkJCQ0KCQkJSk9wdGlvblBhbmUuc2hvd01lc3NhZ2VEaWFsb2codGhpcywgIkJhbmQgV2lkdGggQWxsb2NhdGVkIFN1Y2Nlc3NmdWxseSBmb3IgLSIrdW5hbWUpOw0KCQkJDQoJCQkNCgkJCQ0KCQl9DQoJCWNhdGNoKEV4Y2VwdGlvbiBleCkNCgkJew0KCQkJU3lzdGVtLm91dC5wcmludGxuKGV4KTsNCgkJfQ0KDQoJfQ0KDQoJcHJpdmF0ZSB2b2lkIGJ0bmF0dGFja2VyQWN0aW9uUGVyZm9ybWVkKEFjdGlvbkV2ZW50IGV2dCkgew0KDQoJCVZpZXdBdHRhY2tlcnMgYSA9IG5ldyBWaWV3QXR0YWNrZXJzKCk7DQoJCWEuc2V0U2l6ZSg2MDAsIDYwMCk7DQoJCWEuc2V0VmlzaWJsZSh0cnVlKTsNCg0KCX0NCg0KCXByaXZhdGUgdm9pZCBidG5tb2RpZnlBY3Rpb25QZXJmb3JtZWQoQWN0aW9uRXZlbnQgZXZ0KSB7DQoJCW1vZGlmeWZpbGVuYW1lID0gSk9wdGlvblBhbmUuc2hvd0lucHV0RGlhbG9nKG51bGwsDQoJCQkJIkVudGVyIHRoZSBmaWxlIE5hbWUgVG8gTW9kaWZ5Iik7DQoJCXRyeSB7DQoNCgkJCUtleVBhaXJHZW5lcmF0b3Iga2cgPSBLZXlQYWlyR2VuZXJhdG9yLmdldEluc3RhbmNlKCJSU0EiKTsNCgkJCWVuY29kZXIgPSBDaXBoZXIuZ2V0SW5zdGFuY2UoIlJTQSIpOw0KCQkJS2V5UGFpciBrcCA9IGtnLmdlbmVyYXRlS2V5UGFpcigpOw0KCQkJcHJLZXkgPSBrcC5nZXRQcml2YXRlKCk7DQoNCgkJCXB1YktleSA9IGtwLmdldFB1YmxpYygpOw0KDQoJCQlGaWxlIGYgPSBuZXcgRmlsZSgiQ2xvdWRTZXJ2ZXIvIiArIG1vZGlmeWZpbGVuYW1lKTsNCg0KCQkJYm9vbGVhbiBzdWNjZXNzID0gZi5pc0ZpbGUoKTsNCg0KCQkJaWYgKHN1Y2Nlc3MpIHsNCg0KCQkJCWZuYW1lLnNldFRleHQobW9kaWZ5ZmlsZW5hbWUpOw0KDQoJCQkJaW50IGNob2ljZSA9IEpPcHRpb25QYW5lLnNob3dDb25maXJtRGlhbG9nKHRoaXMsDQoJCQkJCQkiRmlsZSBBdmFpbGFibGUhISEgRG8gdSB3YW50IHRvIG1vZGlmeSBpdCIpOw0KDQoJCQkJaWYgKGNob2ljZSA9PSAwKSB7DQoNCgkJCQkJU3lzdGVtLm91dC5wcmludGxuKCJZZXMiKTsNCgkJCQkJZm5hbWUuc2V0VGV4dChtb2RpZnlmaWxlbmFtZSk7DQoNCgkJCQkJRmlsZUlucHV0U3RyZWFtIGZzdHJlYW0gPSBuZXcgRmlsZUlucHV0U3RyZWFtKGYpOw0KCQkJCQkvLyBHZXQgdGhlIG9iamVjdCBvZiBEYXRhSW5wdXRTdHJlYW0NCgkJCQkJRGF0YUlucHV0U3RyZWFtIGluID0gbmV3IERhdGFJbnB1dFN0cmVhbShmc3RyZWFtKTsNCgkJCQkJQnVmZmVyZWRSZWFkZXIgYnIgPSBuZXcgQnVmZmVyZWRSZWFkZXIoDQoJCQkJCQkJbmV3IElucHV0U3RyZWFtUmVhZGVyKGluKSk7DQoJCQkJCVN0cmluZyBzdHJMaW5lOw0KCQkJCQlTdHJpbmdCdWZmZXIgYnVmZmVyID0gbmV3IFN0cmluZ0J1ZmZlcigpOw0KDQoJCQkJCS8vIFJlYWQgRmlsZSBMaW5lIEJ5IExpbmUNCgkJCQkJd2hpbGUgKChzdHJMaW5lID0gYnIucmVhZExpbmUoKSkgIT0gbnVsbCkgew0KCQkJCQkJLy8gUHJpbnQgdGhlIGNvbnRlbnQgb24gdGhlIGNvbnNvbGUNCgkJCQkJCVN5c3RlbS5vdXQucHJpbnRsbihzdHJMaW5lKTsNCg0KCQkJCQkJYnVmZmVyLmFwcGVuZChzdHJMaW5lICsgIlxuIik7DQoNCgkJCQkJfQ0KCQkJCQl0Zi5zZXRUZXh0KGJ1ZmZlci50b1N0cmluZygpKTsNCg0KCQkJCQkvLyBDbG9zZSB0aGUgaW5wdXQgc3RyZWFtDQoJCQkJCWluLmNsb3NlKCk7DQoNCgkJCQl9DQoJCQkJaWYgKGNob2ljZSA9PSAxKSB7DQoNCgkJCQkJU3lzdGVtLm91dC5wcmludGxuKCJObyIpOw0KDQoJCQkJCWZuYW1lLnNldFRleHQoIiAiKTsNCgkJCQl9DQoNCgkJCX0gZWxzZSBpZiAoIXN1Y2Nlc3MpIHsNCgkJCQlKT3B0aW9uUGFuZS5zaG93TWVzc2FnZURpYWxvZyh0aGlzLCAiRmlsZSBOb3QgQXZhaWxhYmxlIik7DQoJCQl9DQoNCgkJfSBjYXRjaCAoRXhjZXB0aW9uIGUpIHsNCgkJCVN5c3RlbS5vdXQucHJpbnRsbihlKTsNCgkJfQ0KDQoJfQ0KDQoJcHJpdmF0ZSB2b2lkIGJ0bm1vZGlmeTFBY3Rpb25QZXJmb3JtZWQoQWN0aW9uRXZlbnQgZXZ0KSB7DQoNCgkJdHJ5IHsNCgkJCUNsYXNzLmZvck5hbWUoInN1bi5qZGJjLm9kYmMuSmRiY09kYmNEcml2ZXIiKTsNCgkJCUNvbm5lY3Rpb24gY29ubiA9IERyaXZlck1hbmFnZXINCgkJCQkJLmdldENvbm5lY3Rpb24oImpkYmM6b2RiYzpBdXRvbWF0aWMiKTsNCgkJCVN0YXRlbWVudCBzdG10ID0gY29ubi5jcmVhdGVTdGF0ZW1lbnQoKTsNCgkJCUZpbGVPdXRwdXRTdHJlYW0gZm91dCA9IG5ldyBGaWxlT3V0cHV0U3RyZWFtKCJDbG91ZFNlcnZlclxcIg0KCQkJCQkrIGZuYW1lLmdldFRleHQoKSk7DQoNCgkJCWZvdXQud3JpdGUodGYuZ2V0VGV4dCgpLmdldEJ5dGVzKCkpOw0KCQkJZm91dC5mbHVzaCgpOw0KDQoJCQlUaW1lciB0ID0gbmV3IFRpbWVyKDEwMCwgbnVsbCk7DQoJCQl0LnN0YXJ0KCk7DQoJCQlUaHJlYWQuc2xlZXAoMTAwMCk7DQoJCQl0LnN0b3AoKTsNCg0KCQkJRmlsZUlucHV0U3RyZWFtIGluMSA9IG5ldyBGaWxlSW5wdXRTdHJlYW0oIkNsb3VkU2VydmVyXFwiDQoJCQkJCSsgZm5hbWUuZ2V0VGV4dCgpKTsNCg0KCQkJTWVzc2FnZURpZ2VzdCBtZCA9IE1lc3NhZ2VEaWdlc3QuZ2V0SW5zdGFuY2UoIlNIQTEiKTsNCg0KCQkJRGlnZXN0SW5wdXRTdHJlYW0gZGlzMiA9IG5ldyBEaWdlc3RJbnB1dFN0cmVhbShpbjEsIG1kKTsNCgkJCUJ1ZmZlcmVkSW5wdXRTdHJlYW0gYmQgPSBuZXcgQnVmZmVyZWRJbnB1dFN0cmVhbShkaXMyKTsNCg0KCQkJd2hpbGUgKHRydWUpIHsNCg0KCQkJCWludCBiMiA9IGJkLnJlYWQoKTsNCgkJCQlpZiAoYjIgPT0gLTEpDQoJCQkJCWJyZWFrOw0KCQkJfQ0KDQoJCQlCaWdJbnRlZ2VyIGJpMiA9IG5ldyBCaWdJbnRlZ2VyKG1kLmRpZ2VzdCgpKTsNCgkJCW1hYyA9IGJpMi50b1N0cmluZygxNik7DQoJCQlTeXN0ZW0ub3V0LnByaW50bG4oIm5ldyBtYWMgYWRkcmVzcyIgKyBtYWMpOw0KDQoJCQlTdHJpbmcgc3FsMTEgPSAiIHVwZGF0ZSBDbG91ZEZpbGVzIHNldCBQdWJLID0gJyAiICsgbWFjDQoJCQkJCSsgIiAnIHdoZXJlIEZOYW1lPSAnIiArIG1vZGlmeWZpbGVuYW1lICsgIicgICI7DQoNCgkJCVN5c3RlbS5vdXQucHJpbnRsbihtYWMgKyAiXG4iICsgbWFjKTsNCg0KCQkJc3RtdC5leGVjdXRlVXBkYXRlKHNxbDExKTsNCgkJCVN5c3RlbS5vdXQucHJpbnRsbigidXBkYXRlcyIpOw0KDQoJCQlKT3B0aW9uUGFuZS5zaG93TWVzc2FnZURpYWxvZyh0aGlzLCBmbmFtZS5nZXRUZXh0KCkNCgkJCQkJKyAiaXMgTW9kaWZpZWQgICIsICJNZXNzYWdlIEZyb20gVFBBIiwNCgkJCQkJSk9wdGlvblBhbmUuSU5GT1JNQVRJT05fTUVTU0FHRSk7DQoNCgkJfSBjYXRjaCAoRXhjZXB0aW9uIGUpIHsNCgkJCVN5c3RlbS5vdXQucHJpbnRsbihlKTsNCgkJfQ0KCX0NCg0KCXByaXZhdGUgdm9pZCBidG5FeGl0QWN0aW9uUGVyZm9ybWVkKEFjdGlvbkV2ZW50IGV2dCkgew0KDQoJCVN5c3RlbS5leGl0KDApOw0KDQoJfQ0KDQoJcHJpdmF0ZSB2b2lkIGJ0blZpZXdBY3Rpb25QZXJmb3JtZWQoQWN0aW9uRXZlbnQgZXZ0KSB7DQoNCgkJVmlld093bmVyRmlsZXMgb2YgPSBuZXcgVmlld093bmVyRmlsZXMoKTsNCgkJb2Yuc2V0U2l6ZSg2MDAsIDYwMCk7DQoJCW9mLnNldFZpc2libGUodHJ1ZSk7DQoNCgl9DQoNCglwdWJsaWMgc3RhdGljIHZvaWQgbWFpbihTdHJpbmdbXSBhcmdzKSB7DQoNCgkJdHJ5IHsNCg0KCQkJQ2xvdWRTZXJ2ZXIgY3MgPSBuZXcgQ2xvdWRTZXJ2ZXIoKTsNCg0KCQkJY3Muc2V0U2l6ZSg5MDAsIDY4MCk7DQoJCQljcy5zZXRWaXNpYmxlKHRydWUpOw0KDQoJCX0gY2F0Y2ggKEV4Y2VwdGlvbiBleCkgew0KDQoJCQlTeXN0ZW0ub3V0LnByaW50bG4oZXgpOw0KDQoJCX0NCgl9DQoNCglAT3ZlcnJpZGUNCglwdWJsaWMgdm9pZCBhY3Rpb25QZXJmb3JtZWQoQWN0aW9uRXZlbnQgZSkgew0KDQoJCWlmIChlLmdldFNvdXJjZSgpID09IHRyYW5zKSB7DQoJCQluZXcgVHJhbnNhY3Rpb24oKTsNCg0KCQl9DQoJfQ0KDQp9DQoNCmNsYXNzIFBvcnRMaXN0ZW5lciBpbXBsZW1lbnRzIFJ1bm5hYmxlIHsNCg0KCUJ1ZmZlcmVkT3V0cHV0U3RyZWFtIGJvcyA9IG51bGw7DQoJU2VydmVyU29ja2V0IHNzMSwgc3MyOw0KCVNvY2tldCBzMSwgczI7DQoJU2VydmVyU29ja2V0IHNlcnZlciwgc2VydmVyMSwgc2VydmVyMiwgc2VydmVyMzsNCglTb2NrZXQgY29ubmVjdGlvbiwgc287DQoJQnVmZmVyZWRSZWFkZXIgYnIgPSBudWxsOw0KCWludCBwb3J0Ow0KDQoJcHVibGljIFBvcnRMaXN0ZW5lcihpbnQgcG9ydCkgew0KCQl0aGlzLnBvcnQgPSBwb3J0Ow0KCX0NCg0KCXB1YmxpYyB2b2lkIHJ1bigpIHsNCgkJQ29ubmVjdGlvbiBjb25uZWN0Ow0KDQoJCWlmICh0aGlzLnBvcnQgPT0gMTAwMDApDQoNCgkJew0KDQoJCQl0cnkgew0KDQoJCQkJQ2xhc3MuZm9yTmFtZSgic3VuLmpkYmMub2RiYy5KZGJjT2RiY0RyaXZlciIpOw0KCQkJCWNvbm5lY3QgPSBEcml2ZXJNYW5hZ2VyLmdldENvbm5lY3Rpb24oImpkYmM6b2RiYzpBdXRvbWF0aWMiKTsNCgkJCQlTZXJ2ZXJTb2NrZXQgc2VydmVyMSA9IG5ldyBTZXJ2ZXJTb2NrZXQoMTAwMDApOw0KCQkJCVNvY2tldCBjb247DQoNCgkJCQl3aGlsZSAodHJ1ZSkgew0KDQoJCQkJCWNvbiA9IHNlcnZlcjEuYWNjZXB0KCk7DQoJCQkJCURhdGFJbnB1dFN0cmVhbSBkaXMgPSBuZXcgRGF0YUlucHV0U3RyZWFtKGNvbg0KCQkJCQkJCS5nZXRJbnB1dFN0cmVhbSgpKTsNCg0KCQkJCQlTdHJpbmcgdXNlciA9IGRpcy5yZWFkVVRGKCk7DQoJCQkJCVN0cmluZyBmbmFtZSA9IGRpcy5yZWFkVVRGKCk7DQoJCQkJCVN0cmluZyBwdWJrID0gZGlzLnJlYWRVVEYoKTsNCgkJCQkJU3RyaW5nIHByaXZrID0gZGlzLnJlYWRVVEYoKTsNCgkJCQkJU3RyaW5nIHNrID0gZGlzLnJlYWRVVEYoKTsNCgkJCQkJU3RyaW5nIGN0ID0gZGlzLnJlYWRVVEYoKTsNCg0KCQkJCQlpbnQgbmIgPSBjdC5nZXRCeXRlcygidXRmOCIpLmxlbmd0aDsNCgkJCQkJU3lzdGVtLm91dC5wcmludGxuKCJUaGUgZmlsZSBzaXplIGlzIDogOiA6IDoiICsgbmIrICJieXRlcyIpOw0KCQkJCQkNCgkJCQkJaW50IGNvc3QgPSAwOw0KCQkJCQlpbnQgYncgPSAwOw0KDQoJCQkJCWlmIChuYiA+IDAgJiYgbmIgPCAyMDAwKSB7DQoJCQkJCQljb3N0ID0gNTAwOw0KCQkJCQkJYnc9MTAwOw0KCQkJCQl9DQoJCQkJCWlmIChuYiA+IDIwMDEgJiYgbmIgPCA0MDAwKSB7DQoJCQkJCQljb3N0ID0gNzUwOw0KCQkJCQkJYnc9MjAwOw0KCQkJCQl9DQoJCQkJCWlmIChuYiA+IDQwMDEgJiYgbmIgPCA2MDAwKSB7DQoJCQkJCQljb3N0ID0gMTAwMDsNCgkJCQkJCWJ3PTMwMDsNCgkJCQkJfQ0KCQkJCQlpZiAobmIgPiA2MDAxICYmIG5iIDwgODAwMCkgew0KCQkJCQkJY29zdCA9IDEyNTA7DQoJCQkJCQlidz00MDA7DQoJCQkJCX0NCg0KCQkJCQlpZiAobmIgPiA4MDAxICYmIG5iIDwgMTAwMDApIHsNCgkJCQkJCWNvc3QgPSAxNTAwOw0KCQkJCQkJYnc9NTAwOw0KCQkJCQl9DQoJCQkJCWlmIChuYiA+IDEwMDAxICYmIG5iIDwgMTIwMDApIHsNCgkJCQkJCWNvc3QgPSAyMDAwOw0KCQkJCQkJYnc9NjAwOw0KCQkJCQl9DQoJCQkJCWlmIChuYiA+IDEyMDAxICYmIG5iIDwgMTQwMDApIHsNCgkJCQkJCWNvc3QgPSAzMDAwOw0KCQkJCQkJYnc9NzAwOw0KCQkJCQl9DQoJCQkJCWlmIChuYiA+IDE0MDAxICYmIG5iIDwgMTYwMDApIHsNCgkJCQkJCWNvc3QgPSA0MDAwOw0KCQkJCQkJYnc9ODAwOw0KCQkJCQl9DQoJCQkJCWlmIChuYiA+IDE2MDAxICYmIG5iIDwgMTgwMDApIHsNCgkJCQkJCWNvc3QgPSA1MDAwOw0KCQkJCQkJYnc9OTAwOw0KCQkJCQl9DQoJCQkJCWlmIChuYiA+IDE4MDAxICYmIG5iIDwgMjAwMDApIHsNCgkJCQkJCWNvc3QgPSA2MDAwOw0KCQkJCQkJYnc9MTAwMDsNCgkJCQkJfQ0KCQkJCQlpZiAobmIgPiAyMDAwMSAmJiBuYiA8IDIyMDAwKSB7DQoJCQkJCQljb3N0ID0gNzAwMDsNCgkJCQkJCWJ3PTExMDA7DQoJCQkJCX0NCgkJCQkJaWYgKG5iID4gMjIwMDEgJiYgbmIgPCAyNTAwMCkgew0KCQkJCQkJY29zdCA9IDgwMDA7DQoJCQkJCQlidz0xMjAwOw0KCQkJCQl9DQoJCQkJCWlmIChuYiA+IDI1MDAwKSAgew0KCQkJCQkJY29zdCA9IDEyMDAwOw0KCQkJCQkJYnc9NDcwMDsNCgkJCQkJfQ0KCQkJCQkNCgkJCQkJDQoJCQkJCQ0KDQoJCQkJCVN0YXRlbWVudCBzdCA9IGNvbm5lY3QuY3JlYXRlU3RhdGVtZW50KCk7DQoJCQkJCVN0cmluZyBzcWwgPSAiIHNlbGVjdCAqIGZyb20gIFJlZ2lzdGVyIHdoZXJlICBuYW1lPSciDQoJCQkJCQkJKyB1c2VyICsgIicgIjsNCgkJCQkJUmVzdWx0U2V0IHJzID0gc3QuZXhlY3V0ZVF1ZXJ5KHNxbCk7DQoJCQkJCWlmIChycy5uZXh0KCkpIHsNCg0KCQkJCQkJU3RyaW5nIGFtdCA9IHJzLmdldFN0cmluZyg2KTsNCgkJCQkJCVN0cmluZyBidzEgPSBycy5nZXRTdHJpbmcoMTApOw0KCQkJCQkJDQoJCQkJCQlpbnQgYW1vdW50ID0gSW50ZWdlci5wYXJzZUludChhbXQpOw0KCQkJCQkJaW50IGJ3MTEgPSBJbnRlZ2VyLnBhcnNlSW50KGJ3MSk7DQoNCgkJCQkJCWlmICgoY29zdCA+IGFtb3VudCkgKSB7DQoNCgkJCQkJCQlEYXRhT3V0cHV0U3RyZWFtIGRzID0gbmV3IERhdGFPdXRwdXRTdHJlYW0oY29uDQoJCQkJCQkJCQkuZ2V0T3V0cHV0U3RyZWFtKCkpOw0KDQoJCQkJCQkJZHMud3JpdGVVVEYoImxvd2JhbGFuY2UiKTsNCgkJCQkJCQlkcy53cml0ZVVURihhbXQpOw0KCQkJCQkJCWRzLndyaXRlVVRGKGJ3MSk7DQoJCQkJCQl9DQoNCgkJCQkJCWVsc2Ugew0KDQoJCQkJCQkJaW50IHJlbWFpbiA9IGFtb3VudCAtIGNvc3Q7DQoJCQkJCQkJaW50IHJlbWFpbmJ3ID0gYncxMSAtIGJ3Ow0KCQkJCQkJCQ0KCQkJCQkJCVN0cmluZyBybWFtdCA9IEludGVnZXIudG9TdHJpbmcocmVtYWluKTsNCgkJCQkJCQlTdHJpbmcgcmJ3ID0gSW50ZWdlci50b1N0cmluZyhyZW1haW5idyk7DQoJCQkJCQkJDQoJCQkJCQkJU3RhdGVtZW50IHN0bXQgPSBjb25uZWN0LmNyZWF0ZVN0YXRlbWVudCgpOw0KDQoJCQkJCQkJU3RyaW5nIHF1ZXJ5ID0gInVwZGF0ZSBSZWdpc3RlciBzZXQgYW1vdW50PSciDQoJCQkJCQkJCQkrIHJlbWFpbiArICInLGJ3PSciKyByYncgKyAiJyB3aGVyZSBuYW1lPSciICsgdXNlciArICInICAiOw0KDQoJCQkJCQkJc3RtdC5leGVjdXRlVXBkYXRlKHF1ZXJ5KTsNCg0KCQkJCQkJCVN0YXRlbWVudCBzdG10MSA9IGNvbm5lY3QuY3JlYXRlU3RhdGVtZW50KCk7DQoJCQkJCQkJU3RyaW5nIHF1ZXJ5MSA9ICJpbnNlcnQgaW50byBDbG91ZEZpbGVzIHZhbHVlcygnIg0KCQkJCQkJCQkJKyBmbmFtZSArICInLCciICsgcHViayArICInLCciICsgcHJpdmsNCgkJCQkJCQkJCSsgIicsJyIgKyBzayArICInKSI7DQoJCQkJCQkJc3RtdDEuZXhlY3V0ZVVwZGF0ZShxdWVyeTEpOw0KDQoJCQkJCQkJRmlsZU91dHB1dFN0cmVhbSBmb3MgPSBuZXcgRmlsZU91dHB1dFN0cmVhbSgNCgkJCQkJCQkJCSJDbG91ZFNlcnZlci8iICsgZm5hbWUpOw0KCQkJCQkJCWZvcy53cml0ZShjdC5nZXRCeXRlcygpKTsNCgkJCQkJCQlmb3MuY2xvc2UoKTsNCg0KCQkJCQkJCVNpbXBsZURhdGVGb3JtYXQgc2RmRGF0ZSA9IG5ldyBTaW1wbGVEYXRlRm9ybWF0KA0KCQkJCQkJCQkJImRkL01NL3l5eXkiKTsNCgkJCQkJCQlTaW1wbGVEYXRlRm9ybWF0IHNkZlRpbWUgPSBuZXcgU2ltcGxlRGF0ZUZvcm1hdCgNCgkJCQkJCQkJCSJISDptbTpzcyIpOw0KDQoJCQkJCQkJRGF0ZSBub3cgPSBuZXcgRGF0ZSgpOw0KDQoJCQkJCQkJU3RyaW5nIHN0ckRhdGUgPSBzZGZEYXRlLmZvcm1hdChub3cpOw0KCQkJCQkJCVN0cmluZyBzdHJUaW1lID0gc2RmVGltZS5mb3JtYXQobm93KTsNCg0KCQkJCQkJCVN0cmluZyBkdCA9IHN0ckRhdGUgKyAiICAgIiArIHN0clRpbWU7DQoNCgkJCQkJCQlTdGF0ZW1lbnQgc210ID0gY29ubmVjdC5jcmVhdGVTdGF0ZW1lbnQoKTsNCgkJCQkJCQlTdHJpbmcgdHJhbnMgPSAiaW5zZXJ0IGludG8gdHJhbnNhY3Rpb24gdmFsdWVzKCciDQoJCQkJCQkJCQkrIHVzZXIgKyAiJywgJyIgKyBmbmFtZSArICInLCciICsgY29zdA0KCQkJCQkJCQkJKyAiJywnIiArIGR0ICsgIicgKSAiOw0KCQkJCQkJCXNtdC5leGVjdXRlVXBkYXRlKHRyYW5zKTsNCg0KCQkJCQkJCVN5c3RlbS5vdXQucHJpbnRsbigidHJhbnNhY3Rpb24gc2F2ZWQiKTsNCgkJCQkJCQkNCg0KCQkJCQkJCURhdGFPdXRwdXRTdHJlYW0gZHMxID0gbmV3IERhdGFPdXRwdXRTdHJlYW0oY29uDQoJCQkJCQkJCQkuZ2V0T3V0cHV0U3RyZWFtKCkpOw0KDQoJCQkJCQkJZHMxLndyaXRlVVRGKCJzdWNjZXNzIik7DQoJCQkJCQkJZHMxLndyaXRlVVRGKHJtYW10KTsNCgkJCQkJCQlkczEud3JpdGVVVEYocmJ3KTsNCg0KCQkJCQkJfQ0KCQkJCQl9DQoJCQkJfQ0KCQkJfSBjYXRjaCAoRXhjZXB0aW9uIGUpIHsNCgkJCQlTeXN0ZW0ub3V0LnByaW50bG4oZSk7DQoJCQl9DQoNCgkJfQ0KDQoJCWVsc2UgaWYgKHRoaXMucG9ydCA9PSAxMDAwMSkgew0KCQkJdHJ5IHsNCgkJCQlTdHJpbmcgZm5hbWUxID0gbnVsbDsNCgkJCQlTdHJpbmcgc2sxID0gbnVsbDsNCgkJCQlDbGFzcy5mb3JOYW1lKCJzdW4uamRiYy5vZGJjLkpkYmNPZGJjRHJpdmVyIik7DQoJCQkJY29ubmVjdCA9IERyaXZlck1hbmFnZXIuZ2V0Q29ubmVjdGlvbigiamRiYzpvZGJjOkF1dG9tYXRpYyIpOw0KCQkJCVNlcnZlclNvY2tldCBzZXJ2ZXIyID0gbmV3IFNlcnZlclNvY2tldCgxMDAwMSk7DQoJCQkJU29ja2V0IGNvbjE7DQoJCQkJd2hpbGUgKHRydWUpIHsNCgkJCQkJY29uMSA9IHNlcnZlcjIuYWNjZXB0KCk7DQoJCQkJCURhdGFJbnB1dFN0cmVhbSBkaXMxID0gbmV3IERhdGFJbnB1dFN0cmVhbShjb24xDQoJCQkJCQkJLmdldElucHV0U3RyZWFtKCkpOw0KDQoJCQkJCVN0cmluZyByZXF1ZXN0ID0gZGlzMS5yZWFkVVRGKCk7DQoJCQkJCVN0cmluZyB1bmFtZSA9IGRpczEucmVhZFVURigpOw0KCQkJCQlTdHJpbmcgZm5hbWUgPSBkaXMxLnJlYWRVVEYoKTsNCgkJCQkJU3RyaW5nIHNrID0gZGlzMS5yZWFkVVRGKCk7DQoNCgkJCQkJU3lzdGVtLm91dC5wcmludGxuKGZuYW1lKTsNCgkJCQkJU3lzdGVtLm91dC5wcmludGxuKHNrKTsNCg0KCQkJCQlpZiAocmVxdWVzdC5lcXVhbHMoIlVzZXJSZXF1ZXN0IikpIHsNCgkJCQkJCVN0YXRlbWVudCBzdG10ID0gY29ubmVjdC5jcmVhdGVTdGF0ZW1lbnQoKTsNCgkJCQkJCVN0cmluZyBxdWVyeSA9ICJzZWxlY3QgKiBmcm9tIENsb3VkRmlsZXMgd2hlcmUgRk5hbWU9JyINCgkJCQkJCQkJKyBmbmFtZSArICInIGFuZCBTSz0nIiArIHNrICsgIicgICI7DQoJCQkJCQlSZXN1bHRTZXQgcnMgPSBzdG10LmV4ZWN1dGVRdWVyeShxdWVyeSk7DQoNCgkJCQkJCWlmIChycy5uZXh0KCkgPT0gdHJ1ZSkgew0KCQkJCQkJCVN0YXRlbWVudCBzdG10MiA9IGNvbm5lY3QuY3JlYXRlU3RhdGVtZW50KCk7DQoJCQkJCQkJU3RyaW5nIHF1ZXJ5MiA9ICJzZWxlY3QgKiBmcm9tIEJsb2NrZWRVc2VyIHdoZXJlIHVuYW1lPSciDQoJCQkJCQkJCQkrIHVuYW1lICsgIicgIjsNCgkJCQkJCQlSZXN1bHRTZXQgcnMxID0gc3RtdDIuZXhlY3V0ZVF1ZXJ5KHF1ZXJ5Mik7DQoNCgkJCQkJCQlpZiAocnMxLm5leHQoKSA9PSB0cnVlKSB7DQoNCgkJCQkJCQkJRGF0YU91dHB1dFN0cmVhbSBkb3MxID0gbmV3IERhdGFPdXRwdXRTdHJlYW0oDQoJCQkJCQkJCQkJY29uMS5nZXRPdXRwdXRTdHJlYW0oKSk7DQoNCgkJCQkJCQkJZG9zMS53cml0ZVVURigiQmxvY2siKTsNCg0KCQkJCQkJCX0NCg0KCQkJCQkJCWVsc2UgaWYgKHJzMS5uZXh0KCkgIT0gdHJ1ZSkgew0KCQkJCQkJCQlmbmFtZTEgPSBycy5nZXRTdHJpbmcoIkZOYW1lIik7DQoJCQkJCQkJCXNrMSA9IHJzLmdldFN0cmluZygiU0siKTsNCg0KCQkJCQkJCQlGaWxlSW5wdXRTdHJlYW0gZmlzID0gbmV3IEZpbGVJbnB1dFN0cmVhbSgNCgkJCQkJCQkJCQkiQ2xvdWRTZXJ2ZXIvIiArIGZuYW1lMSk7DQoJCQkJCQkJCWJ5dGUgYltdID0gbmV3IGJ5dGVbZmlzLmF2YWlsYWJsZSgpXTsNCgkJCQkJCQkJZmlzLnJlYWQoYik7DQoJCQkJCQkJCVN0cmluZyBjb250ZW50ID0gbmV3IFN0cmluZyhiKTsNCg0KCQkJCQkJCQlEYXRhT3V0cHV0U3RyZWFtIGRvczEgPSBuZXcgRGF0YU91dHB1dFN0cmVhbSgNCgkJCQkJCQkJCQljb24xLmdldE91dHB1dFN0cmVhbSgpKTsNCg0KCQkJCQkJCQlkb3MxLndyaXRlVVRGKCJzdWNjZXNzIik7DQoJCQkJCQkJCWRvczEud3JpdGVVVEYoZm5hbWUxKTsNCgkJCQkJCQkJZG9zMS53cml0ZVVURihzazEpOw0KCQkJCQkJCQlkb3MxLndyaXRlVVRGKGNvbnRlbnQpOw0KCQkJCQkJCQlkb3MxLmNsb3NlKCk7DQoNCgkJCQkJCQl9DQoNCgkJCQkJCX0NCg0KCQkJCQkJZWxzZSBpZiAocnMubmV4dCgpICE9IHRydWUpIHsNCg0KCQkJCQkJCURhdGFPdXRwdXRTdHJlYW0gZG9zMSA9IG5ldyBEYXRhT3V0cHV0U3RyZWFtKGNvbjENCgkJCQkJCQkJCS5nZXRPdXRwdXRTdHJlYW0oKSk7DQoNCgkJCQkJCQlkb3MxLndyaXRlVVRGKCJmYWlsdXJlIik7DQoNCgkJCQkJCQlTdHJpbmcgcXVlcnkxID0gImluc2VydCBpbnRvIEJsb2NrZWRVc2VyIHZhbHVlcygnIg0KCQkJCQkJCQkJKyB1bmFtZSArICInLCciICsgZm5hbWUgKyAiJywnIiArIHNrICsgIicpIjsNCgkJCQkJCQlzdG10LmV4ZWN1dGVVcGRhdGUocXVlcnkxKTsNCg0KCQkJCQkJfQ0KDQoJCQkJCX0NCg0KCQkJCX0NCg0KCQkJfSBjYXRjaCAoRXhjZXB0aW9uIGUpIHsNCgkJCQlTeXN0ZW0ub3V0LnByaW50bG4oZSk7DQoJCQl9DQoNCgkJfQ0KDQoJCWVsc2UgaWYgKHRoaXMucG9ydCA9PSAxMjUwKSB7DQoNCgkJCXRyeSB7DQoNCgkJCQlTZXJ2ZXJTb2NrZXQgc2VydmVyID0gbmV3IFNlcnZlclNvY2tldCgxMjUwKTsNCgkJCQlTb2NrZXQgY29uOw0KCQkJCXdoaWxlICh0cnVlKSB7DQoNCgkJCQkJY29uID0gc2VydmVyLmFjY2VwdCgpOw0KCQkJCQlEYXRhSW5wdXRTdHJlYW0gZGlzID0gbmV3IERhdGFJbnB1dFN0cmVhbShjb24NCgkJCQkJCQkuZ2V0SW5wdXRTdHJlYW0oKSk7DQoNCgkJCQkJU3RyaW5nIG5hbWUgPSBkaXMucmVhZFVURigpOw0KDQoJCQkJCUNsYXNzLmZvck5hbWUoInN1bi5qZGJjLm9kYmMuSmRiY09kYmNEcml2ZXIiKTsNCgkJCQkJQ29ubmVjdGlvbiBjb25uID0gRHJpdmVyTWFuYWdlcg0KCQkJCQkJCS5nZXRDb25uZWN0aW9uKCJqZGJjOm9kYmM6QXV0b21hdGljIik7DQoNCgkJCQkJU3RhdGVtZW50IHN0ID0gY29ubi5jcmVhdGVTdGF0ZW1lbnQoKTsNCg0KCQkJCQlTdHJpbmcgc3FsID0gInNlbGVjdCAqIGZyb20gdHJhbnNhY3Rpb24gd2hlcmUgVW5hbWUgPSAgJyINCgkJCQkJCQkrIG5hbWUgKyAiJyAiOw0KDQoJCQkJCVJlc3VsdFNldCBycyA9IHN0LmV4ZWN1dGVRdWVyeShzcWwpOw0KCQkJCQl3aGlsZSAocnMubmV4dCgpID09IHRydWUpIHsNCg0KCQkJCQkJU3RyaW5nIGZuID0gcnMuZ2V0U3RyaW5nKDIpOw0KCQkJCQkJU3RyaW5nIGFtID0gcnMuZ2V0U3RyaW5nKDMpOw0KCQkJCQkJU3RyaW5nIGR0ID0gcnMuZ2V0U3RyaW5nKDQpOw0KDQoJCQkJCQlEYXRhT3V0cHV0U3RyZWFtIGRvcyA9IG5ldyBEYXRhT3V0cHV0U3RyZWFtKGNvbg0KCQkJCQkJCQkuZ2V0T3V0cHV0U3RyZWFtKCkpOw0KCQkJCQkJZG9zLndyaXRlVVRGKCJzdWNjZXNzIik7DQoJCQkJCQlkb3Mud3JpdGVVVEYoZm4pOw0KCQkJCQkJZG9zLndyaXRlVVRGKGFtKTsNCgkJCQkJCWRvcy53cml0ZVVURihkdCk7DQoJCQkJCQlTeXN0ZW0ub3V0LnByaW50bG4oInJlc3BvbnNlZCIpOw0KDQoJCQkJCX0NCg0KCQkJCX0NCg0KCQkJfSBjYXRjaCAoRXhjZXB0aW9uIGV4KSB7DQoJCQkJU3lzdGVtLm91dC5wcmludGxuKGV4KTsNCgkJCX0NCg0KCQl9DQoNCgkJZWxzZSBpZiAodGhpcy5wb3J0ID09IDEwMikgew0KDQoJCQl0cnkgew0KDQoJCQkJU2VydmVyU29ja2V0IHNlcnZlciA9IG5ldyBTZXJ2ZXJTb2NrZXQoMTAyKTsNCgkJCQlTb2NrZXQgY29uOw0KCQkJCXdoaWxlICh0cnVlKSB7DQoJCQkJCWNvbiA9IHNlcnZlci5hY2NlcHQoKTsNCg0KCQkJCQlEYXRhSW5wdXRTdHJlYW0gZGlzID0gbmV3IERhdGFJbnB1dFN0cmVhbShjb24NCgkJCQkJCQkuZ2V0SW5wdXRTdHJlYW0oKSk7DQoNCgkJCQkJU3RyaW5nIGZubSA9IGRpcy5yZWFkVVRGKCk7DQoJCQkJCUNsYXNzLmZvck5hbWUoInN1bi5qZGJjLm9kYmMuSmRiY09kYmNEcml2ZXIiKTsNCgkJCQkJY29ubmVjdCA9IERyaXZlck1hbmFnZXINCgkJCQkJCQkuZ2V0Q29ubmVjdGlvbigiamRiYzpvZGJjOkF1dG9tYXRpYyIpOw0KDQoJCQkJCVN0YXRlbWVudCBzdG10ID0gY29ubmVjdC5jcmVhdGVTdGF0ZW1lbnQoKTsNCg0KCQkJCQlTdHJpbmcgcXVlcnkgPSAiIHNlbGVjdCAqIGZyb20gQ2xvdWRGaWxlcyB3aGVyZSBGTmFtZSA9ICciDQoJCQkJCQkJKyBmbm0gKyAiJyI7DQoNCgkJCQkJUmVzdWx0U2V0IHJzID0gc3RtdC5leGVjdXRlUXVlcnkocXVlcnkpOw0KDQoJCQkJCWlmIChycy5uZXh0KCkgPT0gdHJ1ZSkgew0KDQoJCQkJCQlTdHJpbmcgbWMgPSBycy5nZXRTdHJpbmcoMik7DQoNCgkJCQkJCURhdGFPdXRwdXRTdHJlYW0gZG9zID0gbmV3IERhdGFPdXRwdXRTdHJlYW0oY29uDQoJCQkJCQkJCS5nZXRPdXRwdXRTdHJlYW0oKSk7DQoJCQkJCQlkb3Mud3JpdGVVVEYobWMpOw0KDQoJCQkJCQlTeXN0ZW0ub3V0LnByaW50bG4oInNlbnQgcmVzcG9uc2UiKTsNCg0KCQkJCQl9DQoNCgkJCQl9DQoNCgkJCX0gY2F0Y2ggKEV4Y2VwdGlvbiBleCkgew0KDQoJCQkJU3lzdGVtLm91dC5wcmludGxuKGV4KTsNCg0KCQkJfQ0KDQoJCX0NCg0KCQllbHNlIGlmICh0aGlzLnBvcnQgPT0gMTAwMDMpIHsNCgkJCXRyeSB7DQoNCgkJCQlDbGFzcy5mb3JOYW1lKCJzdW4uamRiYy5vZGJjLkpkYmNPZGJjRHJpdmVyIik7DQoJCQkJY29ubmVjdCA9IERyaXZlck1hbmFnZXIuZ2V0Q29ubmVjdGlvbigiamRiYzpvZGJjOkF1dG9tYXRpYyIpOw0KCQkJCXNlcnZlcjMgPSBuZXcgU2VydmVyU29ja2V0KDEwMDAzKTsNCgkJCQlTb2NrZXQgY29uMjsNCgkJCQl3aGlsZSAodHJ1ZSkgew0KCQkJCQljb24yID0gc2VydmVyMy5hY2NlcHQoKTsNCgkJCQkJRGF0YUlucHV0U3RyZWFtIGRpczExID0gbmV3IERhdGFJbnB1dFN0cmVhbShjb24yDQoJCQkJCQkJLmdldElucHV0U3RyZWFtKCkpOw0KDQoJCQkJCVN0cmluZyByZXF1ZXN0ID0gZGlzMTEucmVhZFVURigpOw0KDQoJCQkJCVN0cmluZyBmbmFtZSA9IGRpczExLnJlYWRVVEYoKTsNCg0KCQkJCQlTeXN0ZW0ub3V0LnByaW50bG4oZm5hbWUpOw0KDQoJCQkJCVN5c3RlbS5vdXQucHJpbnRsbihyZXF1ZXN0KTsNCg0KCQkJCQlpZiAocmVxdWVzdC5lcXVhbHMoIkZpbGVEZWxldGUiKSkgew0KCQkJCQkJU3RhdGVtZW50IHN0bXQgPSBjb25uZWN0LmNyZWF0ZVN0YXRlbWVudCgpOw0KCQkJCQkJU3RyaW5nIHF1ZXJ5ID0gImRlbGV0ZSAgZnJvbSBDbG91ZEZpbGVzIHdoZXJlIEZOYW1lPSciDQoJCQkJCQkJCSsgZm5hbWUgKyAiJyAgICI7DQoJCQkJCQlzdG10LmV4ZWN1dGVVcGRhdGUocXVlcnkpOw0KDQoJCQkJCQkvLyBpZihycy5uZXh0KCk9PXRydWUpDQoJCQkJCQkvLyB7DQoNCgkJCQkJCUZpbGUgZiA9IG5ldyBGaWxlKCJDbG91ZFNlcnZlci8iICsgZm5hbWUpOw0KDQoJCQkJCQlib29sZWFuIHN1Y2Nlc3MgPSBmLmRlbGV0ZSgpOw0KDQoJCQkJCQlpZiAoIXN1Y2Nlc3MpIHsNCgkJCQkJCQlEYXRhT3V0cHV0U3RyZWFtIGRvczExMiA9IG5ldyBEYXRhT3V0cHV0U3RyZWFtKGNvbjINCgkJCQkJCQkJCS5nZXRPdXRwdXRTdHJlYW0oKSk7DQoNCgkJCQkJCQlkb3MxMTIud3JpdGVVVEYoImZhaWx1cmUiKTsNCg0KCQkJCQkJfSBlbHNlIHsNCgkJCQkJCQlEYXRhT3V0cHV0U3RyZWFtIGRvczExMSA9IG5ldyBEYXRhT3V0cHV0U3RyZWFtKGNvbjINCgkJCQkJCQkJCS5nZXRPdXRwdXRTdHJlYW0oKSk7DQoNCgkJCQkJCQlkb3MxMTEud3JpdGVVVEYoInN1Y2Nlc3MiKTsNCgkJCQkJCX0NCg0KCQkJCQkJLy8gfQ0KDQoJCQkJCQkvLyBlbHNlIGlmKHJzLm5leHQoKSE9dHJ1ZSkNCgkJCQkJCS8vIHsNCg0KCQkJCQkJLy8gfQ0KDQoJCQkJCX0NCg0KCQkJCX0NCg0KCQkJfSBjYXRjaCAoRXhjZXB0aW9uIGUpIHsNCgkJCQlTeXN0ZW0ub3V0LnByaW50bG4oZSk7DQoJCQl9DQoNCgkJfQ0KDQoJCWlmICh0aGlzLnBvcnQgPT0gMTAwMDQpIHsNCg0KCQkJdHJ5IHsNCiAgICAgICAgICAgICAgICAgIFN0cmluZyBidz0iMCI7DQoJCQkJU2VydmVyU29ja2V0IHNlcnZlciA9IG5ldyBTZXJ2ZXJTb2NrZXQoMTAwMDQpOw0KCQkJCVNvY2tldCBjb247DQoJCQkJd2hpbGUgKHRydWUpIHsNCgkJCQkJY29uID0gc2VydmVyLmFjY2VwdCgpOw0KCQkJCQlEYXRhSW5wdXRTdHJlYW0gZGlzID0gbmV3IERhdGFJbnB1dFN0cmVhbShjb24NCgkJCQkJCQkuZ2V0SW5wdXRTdHJlYW0oKSk7DQoJCQkJCVN0cmluZyBuYW1lID0gZGlzLnJlYWRVVEYoKTsNCgkJCQkJU3RyaW5nIG1vYmlsZSA9IGRpcy5yZWFkVVRGKCk7DQoJCQkJCVN0cmluZyBtYWlsID0gZGlzLnJlYWRVVEYoKTsNCgkJCQkJU3RyaW5nIHR5cGUgPSBkaXMucmVhZFVURigpOw0KCQkJCQlTdHJpbmcgd2ViID0gZGlzLnJlYWRVVEYoKTsNCgkJCQkJU3RyaW5nIGFtdCA9IGRpcy5yZWFkVVRGKCk7DQoJCQkJCVN0cmluZyBwYXkgPSBkaXMucmVhZFVURigpOw0KCQkJCQlTdHJpbmcgbnVtYmVyID0gZGlzLnJlYWRVVEYoKTsNCgkJCQkJU3RyaW5nIGR0ID0gZGlzLnJlYWRVVEYoKTsNCg0KCQkJCQlDbGFzcy5mb3JOYW1lKCJzdW4uamRiYy5vZGJjLkpkYmNPZGJjRHJpdmVyIik7DQoJCQkJCWNvbm5lY3QgPSBEcml2ZXJNYW5hZ2VyDQoJCQkJCQkJLmdldENvbm5lY3Rpb24oImpkYmM6b2RiYzpBdXRvbWF0aWMiKTsNCgkJCQkJU3RhdGVtZW50IHN0ID0gY29ubmVjdC5jcmVhdGVTdGF0ZW1lbnQoKTsNCgkJCQkJU3RyaW5nIHNxbCA9ICIgaW5zZXJ0IGludG8gUmVnaXN0ZXIgdmFsdWVzKCAnIiArIG5hbWUNCgkJCQkJCQkrICInLCciICsgbW9iaWxlICsgIicsJyIgKyBtYWlsICsgIicsJyIgKyB0eXBlDQoJCQkJCQkJKyAiJywnIiArIHdlYiArICInLCciICsgYW10ICsgIicsJyIgKyBwYXkgKyAiJywnIg0KCQkJCQkJCSsgbnVtYmVyICsgIicsJyIgKyBkdCArICInICwnIiArIGJ3ICsgIicgICkgIjsNCgkJCQkJc3QuZXhlY3V0ZVVwZGF0ZShzcWwpOw0KCQkJCX0NCgkJCX0gY2F0Y2ggKEV4Y2VwdGlvbiBleCkgew0KCQkJCVN5c3RlbS5vdXQucHJpbnRsbihleCk7DQoJCQl9DQoJCX0NCgl9DQp9', '38166df30f3bcf7168133b6b80eba3cd82b671be', '[B@146b6db', '7', '30/09/2018   12:37:57'),
(7, 'Manjunath', 'ToyExample.txt', 'VGhpcyBpcyBhIGRlbW9uc3RyYXRpb24gdGV4dCBmb3Igc2hvd2luZyBob3cgbGluZSBicmVha2luZyB3b3JrcyBhbmQgVGhpcyBpcyBhIGRlbW9uc3RyYXRpb24u', '-1ace7be87e4dc03b0c0e8ef65bf892c1211a245b', '[B@dd5681', '4', '30/09/2018   13:15:10');

-- --------------------------------------------------------

--
-- Table structure for table `owner`
--

CREATE TABLE IF NOT EXISTS `owner` (
  `id` int(11) NOT NULL AUTO_INCREMENT,
  `name` text,
  `pass` text,
  `email` text,
  `mobile` text,
  `addr` text,
  `dob` text,
  `gender` text,
  `pin` text,
  `location` text,
  `imagess` longblob,
  `status` text,
  PRIMARY KEY (`id`)
) ENGINE=InnoDB  DEFAULT CHARSET=latin1 AUTO_INCREMENT=3 ;

--
-- Dumping data for table `owner`
--

INSERT INTO `owner` (`id`, `name`, `pass`, `email`, `mobile`, `addr`, `dob`, `gender`, `pin`, `location`, `imagess`, `status`) VALUES
(1, 'Rajesh', 'Rajesh', 'Rajesh.123@gmail.com', '9535866270', '#8928,4th Main,Rajajinagar,Bangalore-21', '05/06/1989', 'Male', '560021', 'Bangalore', 0xffd8ffe000104a46494600010100000100010000ffdb0084000906071013101513131015101517171517151517150f1f1a121a1f15161615171815181d2820181a251b151521312225292b2e2f2e171f3338332d37282d2e2b010a0a0a0505050e05050e2b1913192b2b2b2b2b2b2b2b2b2b2b2b2b2b2b2b2b2b2b2b2b2b2b2b2b2b2b2b2b2b2b2b2b2b2b2b2b2b2b2b2b2b2b2b2b2b2b2b2b2bffc000110800e100e103012200021101031101ffc4001c0001000202030100000000000000000000000107060802040503ffc40045100001020304080304080305090000000001000203113104216171050607124151b1f1138191223242a114235262728292c133a2f0257374b3c224343563b2c3d1d2e1ffc40014010100000000000000000000000000000000ffc40014110100000000000000000000000000000000ffda000c03010002110311003f00bbd27c90f25180ec8249e03b213c38a8a5c129894124cb1284c94531294bcd504ce5549f12a313d93128241e26e5e569ed64b258d9bf688cd873f75957bff0b05e73a73588ed0f68adb29367b36ec4b47c4e37b60663e289f7682a791a56db6b891623a24588e8af77bcf71249f3e585020b2f4e6d8a2b896d92ced86de0f8bed38fe469937d4ac33486ba6938d3dfb6c500f086ef0c65f5725e0a20fb46b5c57fbf15effc4f79ea57cd911c2f0e2dc891d171441e9d8f58add08ce1db23b30f16291fa4991f4594e88dabe91852117c3b5378efb435de4f65c3cda560688360b56769161b510c2e3668a6e10e290038f2644f74e46470598ce555a9642cf751768f1acae6c2b41747b3d01332f8039b4d5cdfba6fe54910bde7c4a03c4dcbe363b4c38ac6c563c3d8e01cc734cc1068415f5ade688241f24067975515cbaa572ea82419e493e4a2b704c0764124f01d909e01452e094c4a0927cca99ae34c4a90255aa0952a14a0e24f01d9452e0a49e55514c4a0531294c4a531294bcd502979aa627b2627b26250312b0dda6eb69b159836199478b310a9f5607bd148c2600c48e456642fc96b86d0f4c9b56918cfde9b18ef0a1f20d64c5d9bb7ddf99063ae7124924924924924924de4926a66a111011110111101111011110581b26d6d3678e2cb15df5115d264cdd0a21374b935c6e2399079abcab9755a9a56caea3e9836bb0408c4cdc5bbb10f37b7d97fa913f341eed72ea95b8256e0980ec8180ec94b8252e094c4a0531294c4a531294bcd502979aa90389eca313d9481c4a0952a26a50712659a8a6254932514bcd7fab902979aa627b2627b26250073295c92b92572ea83a5a72d9e15963c6a0870a23f3dd6177ecb56463795b25b42892d176b953c178f5bbf75adc808ae4d99ea141fa30b45aa0b633e3366d8711a0b614337b4ee9f8dc2467c0102ebe7dfd3bb27b04599805f647fdd25ccf3638cc7e52105188b23d68d4ab6d86662c3df85c23439967e6e2cf3bb912b1c4045ed6a8e87836bb48b3c48ce80e783e13c34386f8bf75cd245403291178c57b1ac1b34d236605cd60b5431f142997018c23ed7e9de418ee8281657c60cb4c57c086ebbc568690c3c0bc1f839914ca6b3fb6ec6e306ef40b6c389c407b1cd98fc6d73a7e8ab02adfd8deb5178fa0c674cb01759c9e2d1ef43fcb5184feca0adf4feacdb2c67fda20398d2642209163b278ba78191c1790b6be3c16c4696bda1ec2245ae00870e441a854febf6cccc30eb4585a5cc17be05e4b39985c5cdfbb5e53a00ac15c7b09b61759ed3067ee44644c83d85b779c22a9b0ad1d83b8f8f6b1ce1c13e8e89ff00b20b8b01d929704a5c1298940a62529894a6252979aff572052f354c4f64c4f64c4f640c4f6522fbd456f34522fcbaa0e5344441c4dd7a8c4f652799518940c4a5724ae495cbaa0572ea95cbaa572ea980418fed084f45dac0e105e7d04ff65aefa26ced8968830ddeebe2c263b27446b4fc8ad96d66b378962b4c21f1c08cdca70dc3d6f5ad3a1a36eda203fecc584ef488d77ec836a000048097ec94c4a9a66a2989410f6891046f4ee20f1c25c9559af7b2e690e8f61686baaeb3896ebb9f85f64fdda1e12e36a52f354c4f641aad60b43a0478712f6ba1446ba44105a5af04820d0dd292da91ccac0b681b3e65b1c2d104361c7de6f88282332601279440da1e3291e0467a07a70418a6b86a1d96dc0be5e04797b315a07b5fde37e31f31cd5276cb0daf45db61988cdd890dc2231c27bb14037eebb8b489822bed48c96cbd72eabcad64d0102dd00c18cd98ab5e25bd0ddc1cc3c0fc8d0a0f42c7696c586c88c3363dad734f304023e457d700bc4d4dd1f1ecf6287678c439d04be187b68f6071f088e5ec1682381057b780ec828edb36858102d50a24266e18ed88e88d1eeef34b7da03813bc6794eb39f7f60ed3e35acfdc823d5d13ff000be7b75883e956667d984f3fa9e07fa17a5b07812876b89c5cf84cfd2d7bbfeea0b529894a62529894a5e6a814bcd5313d9313d9313d90313d92b79a256f344ae5d502b9755339e5d54572eaa67c907245125283891c4a8ae4a48515cbaa0572ea95cbaa572ea98040c02603b2603b252e08308d7ada142b0441676c1fa4452dde78dedd6c30693748cdc6b2952fe227453ac517c2f144278853dd11375fb80d0377e529ceecd7afb428ae3a4ad8e35115c3c9a035bf2016c259f4540fa1b6cde1874230843dc95c5bbb2ffecf9de83eba1ad822d9a0c617f8b0a1bc63bcc0efdd772979aaf13536cae81646d9de779d01cf820fda6071304e6613a19f35ede27b20627b262531295bcd102b79a2572ea95cbaa572ea815cbaa56e09804c07640c0764a5c12970534cd050db536c4b4e987c2830df19d0e1c366eb1ae71f77c471937fbd17ae7b3dd7d87a3d86044b312c7452f89103bda6121acfe1917c832f139d6ee0ad3d50d162188d6a70062daa2be2ce57885bc459d99087ba4e2e2aa3db05958cd28fdd006fc38711f2fb4779a4f98683e682fc8511a5a1c0870700411420de2582e589ecb1ed9e452ed1564738cc8841be40968f900b21c4f640c4f64ade6895bcd12b97540ae5d52b9754ae5d52b7040adc14cf805180eca7008264a542941c489e5d54572eaa4df928c020601301d9301d9297040a5c129894a625298941af9b58d1c616948a48ba2b5915b8cdbb8efe663bd42b8b67fa5db69d1d0224e6f6b44389cc3d9ec9bb84e41d9382f236afaaceb5d944586dde8f066e6b456230fbec0389b838652e2aaed41d717e8f8c6637e04423c565f36f0f11bf780e1c45dca41b0ed86012ee2653f497aca5e8b96257186f0e01e082d201691420de0ae55bcd102b79a2572ea95cbaa572ea815cbaa56e095b82603b20603b252e094b825312814c4a8736e22b3534c4a52f35406b4347c80e802d6bd7cd2c2d5a463c567b4ddedc872bf79ac0180895664123f12b2b6b1ae8e800d8e0dd15ec9c57cff84c74c06b7efb84efe03304621b27d56369b50b43dbf5101c1d3347c417b1839c8c9c72038a0ba356f477d1ec70209ac384c69cc346f1f59af46b79a256f344ae5d502b9754ae5d52b9754adc102b704c0764c0764c02060148baee2a2970bca91766839228528389e4a301d9493c076514b82052e094c4a531294c4a0531294bcd52979aa627b20627b2a376c7abde05ac5a58ddd8768f7801736281ed65bc24ecc38abcb12bc4d72d022dd638904c83a5bd089f8620bda723783838a0c7b63da77e9161f01ee9becd264b9c333f08e4002dfc8b3cae5d56b7ea4e9b7582ded7c405ad99856869f85bbd274c736b803f948e2b63c3b785c66398e3960826b975437dc12b704c07640c0764a5c129704a625029894a62529894a5e6a814bcd57c2dd6b64184f8d10eeb58d739c7900267cd7df13d955bb6bd62dd86cb130fb4f9448d2e0c07d869fc4e13c9839a0ad62ba3e91b7923f8b698b77dc04c87e56300f262d92d13a3a1c0830e0c36eeb21b435a39c87bc7993527995586c4f56fdfb744175f0e04fd223fe5ba327ab66b97540ae5d52b9754ae5d52b7040adc1301d9301d930081804a5c2a94b855298940a6254812ad5452f355207128254a85283893c028a625493eaa298940a6252979aa52f354c4f640c4f64c4a6252b79a2056f344ae5d52b9754ae5d50539b64d56dc89f4e84df61e436381f0be8d8993ae69c65cd7b7b1fd6bf1a0fd0a2ba512137ea893fc4842edd18b2e194b91561daeccc8ac7427b43d8e05af69a38112216beeb76aeda3455b1af84f7066f6f59e30a823e071a6f81711470f300361f01d9297058a6a2ebbc1b7c30dba15a5a3db853f7b9be1cfde6e151c781395d312814c4a531294c4a52f3540a5e6a989ec989ecba9a534941b3c27468f104263789f9002ae71e005e507c358b4cc2b2599f688b460f65b74dee3eeb0624fa5782a0345d8ad1a5b48999f6e2b8be2bc521304812306b775ad1f842edeb86b2da34adad8c86c76e6f6ed9e08a926af770de23c9a3cc9b7f507549960b3ee993a33e4e8cf1c4f0637ee36665ccccf1920c8347d8a1c284c850dbb90e1b4358dc0090feb8afbd72ea95cbaa56e0815b82603b2603b2601030094b8552970aa5312814c4a52f354a5e6a98940c4a90389eca313d948bef413352a26a5071264a2979aa9375ea313d90313d93129894ade68815bcd12b9754ae5d52b97540ae5d52b704adc1301d90301d974f4be8b836982e811a1888c70bc1e1c9c0d43870217729704a6250503adfa876bd1f13c6825f160b4ef3633261f0654df0dbda7ef8bb2a2f4357b6b76b84036d10db6b6fdb0772279900b5de83357753127e6b11d3db38d1d6925e611b3c4357c121b338b24584e329e283ceb1ed7346b84ded8f08f19c36996458e2becfdabe8b1787c579e4213ff00d520b1bb66c61e2f876e6cb93e119fea6baff45f187b19b47c56d84d1cc4279f917041dcd2fb646c88b359093c1d19c0018ee3092efd4160ef89a4f4bda00f6ad0e1c2e6c2800f13f0b04b8fbc65c4ab2f446c86c4c3bd1e2c5b4fdd9ee37d1bed7f32cf347d820c16087061320c3146b1a00ce410635a89a8d06c0ddf27c58ee127c59507d8863e16e353c780196d72ea95cbaa56e0815b82603b2603b2601030094b8552970aa5312814c4a52f354a5e6a98940c4a627b2627b256f2815bca917e5d54572eaa673cbaa0e48888389e654625491c4a8ade68815bcd12b9754ae5d5439d8c80a9feb8209ae5d52b7058ae9bda268cb3cdbf48f19c3e18237ce5bc3d90732b07d2db638c662cd656421c1d15c5cefd0d9007cca0b8b01d9791a635a6c365ba35aa1b1c3e19ef3ff4366ef92d7fd2dadda42d13116d710b4fc0c3b8dc8b592de19cd786020bdf476d3ecd1ed90acd020c47088f2d315e5ad03d973816b2f26f005fbb559e5312b56f415bfc0b5418fc21c563cfe10e05dfcb35b48d22539ce74971e5240a5e6a989ec989ec989ec8189ec95bcd12b79a2572ea815cbaa572ea95cbaa56e0815b82c6f5df5b9ba39909c6118a223cb086b802d01a5d3131226975d5aac9301d9539b74b7831ecf6707f86c7c4766f21adf394377aa0cdf436d1b46470008ff4771f8638dc97e7bd84e4e2b2a8711a5a0b48783420820e330b53d76f46e93b459ddbd023c4806a771ee00e605cef341b4f4c4a52f35544e88dac69185211443b50fbcddd79fcecbbf94acdb42ed6ac114811db12caee646fb064f65fe65a10581894c4f65d6d1da4204767890a3323379b1cd7019cb8aecd6f2815bca572ea95cbaa572ea815cbaa99f2515b8514cf8041ca48a24a5071217088f00173886b40992480242a49340a2d319ac639ef7063180b9c4d0002649c000b5ff5ef5ee35bde58c2615981f661d0c4e4e89ccfdda0c4de833ad6bdacc0853876368b4ba9e2198843295f13ca431556e9ed66b6db0ffb44773dbc218f6618e5f562e39999c57908808888088880afbd936b1b6d362109eefaeb380c703573290df8dc374e2dc5508bd1d5ed351ac768647827da6dc41a4469f798ec0fc8807820da1c4f64ade68bc6d56d65b3dbe0f8b09d7896fc332de84793872e46857b35cbaa0572ea95cbaa572ea95b82056e0980ec980ecb8478cd634b9ce0c6b412e738801a054926883e76fb6438309f11ee0c631a5cf71e00099389c16b2eb169675aed516d0eb8c474c0fb2d00358df26803d5657b4bd79fa63be8f009166699b9d783687037197060341c4dfc9606808888088883ed63b5c484f11214474278f898e70394c70c1585ab7b5ab4c32196c60b4b3edb435b106245cd7ff2e6556e88368741e9cb35b21f89678a2236ede02e734fd9734ded39af46b70a2d5ad11a563d96288d022186f1c451c3ecb9b473702b60b5175ad9a42cfbe1be1c4610d8ace0d32987379b5d7cb223820c8f01d94e0146014d2e412a5429415e6da74d983626d9da64eb43883cfc36c8bfd49637271546aceb6cba43c4d2661cee830d8c97271fac71f4734792c1501111011110111101111076746e918d678822c18ae84f14734fc88373860410ad0d01b60b832d900e3160cafc5d0dc6ef2272553220d8cb26d074544175b61b39f89bec230f6c05f78daeda2da3fdfecff96235df26cd6b6220bc74bed6ec10c11676c4b53b81dd2c64f173c6f7a34aabf5a35cad96e328afdc8539882c986605dc5e73baeb8058f220222202222022220222202cc3657a68d9b48b1a4c991fea5dca64fd51cf7e43f39587ae50e239a439a64e690e69e441983ea106d852e15522ecd75745db1b160428adbfc4631e3f3343bf75da17668254a8528358b5cad3e2691b5bff00e7c568c9ae2c1f2685e3aec69189bd1a2bbed4488ef5793fbaeba0222202222022220222202222022220222202222022220222202222022220d89d97dab7f44d99dc435f0ff4447b07c9a16540712b04d8c4507458fbb1628f521dfea59d81c4f6412a51106a5b8cccd42117a20222202222022220222202222022220222202222022220222202222022220bc761e7fb3a2616889fe5c12ac217de557bb0f6ff006744ff001313fcb82ac2ae48266a51106a646f79d99eab8a220222202222022220222202222022220222202222022220222202222022220bcf623ff0d7ff008889ff004435612220844441ffd9, 'Authorized'),
(2, 'Manjunath', 'Manjunath', 'tmksmanju11@gmail.com', '9535866270', '#7827,3rd Block,Rajajinagar,Bangalore', '05/06/1989', 'Male', '560021', 'Bangalore', 0x89504e470d0a1a0a0000000d49484452000000e1000000e10803000000096d224800000081504c5445ffffff000000f6f6f69e9e9ea1a1a1868686c3c3c3b0b0b0fbfbfbf1f1f1eeeeeeb5b5b5e5e5e5f8f8f8bebebefcfcfcd0d0d0c9c9c97373736868689292927e7e7e464646d8d8d8e9e9e9dfdfdf2c2c2c1515154040405c5c5c8f8f8f2e2e2e3939397878781010104e4e4e1d1d1d5555551414146363632525253535356c6c6c7c0e1a4f00000e1049444154789cd55de962ea2a103e718fbbd6ba54dbbab56adfff01af4b20018619482070bfbfe734e60b30fb0cfffef947baea0c5a87cfdbed9abc70bded3f0fad416795d6f0eb9eb15eb52e7b464cc5757f69adfaa15fb23426c3eefc5b4b2ec76dde5d877ed732188d2f47037a2f6cff3a93d02f6c897e53bf35352bd90dfdce36687c59d27be2dc1d857e71434c06b73204efd88f43bfbb11866f25f93df0fe3f10acab0afcee386e4213a0d0ac46f08ec8254ebb32c12459842681a1940cfd3f515c382118f1461d3b229824b3d054604c9d114c7e57a1c940e8efdc314c4e8dd07400bc3b2418a5b471b8479f884ff39b78823658862624c39d1c65884c9e4e96ce199e427312d1714e3049e2d2189f1e18be852655444597498398c4a90b974245443a71b4f7c270194ffccd879c79201e85e1d660cbd10e4d8c61641b1b35c5472cdbd4b5499a231695583dfaa4432b34b50c3ed4fd0b9128fd893782c93634b717fc18342fc461d6743d328c23eae626480a230ac3ade74fd024c9672f34bd3bd20f8f0cbf63a865587b2498243164db7c8ad238ac9a56b957bf9a99eb3108d372deef76f5cfe8fcc6e05efc956238300c40fe85a677c7a50cc1a7496db24f2fa1e9ddd5e1a904c1afe79f360c821fa7f00a715d229ccf0e57ff4cfed78ff00561c36d6982267f1cbc36a331b317a545f1b82205ead734642ab1bf28b1459bc22356f413be17c14cb781fd06555578df445205d2fb652a2faed372cf69aa7fe61f8312047f86d0936606cb186015d7e6f5b11cef1aa1313258c6fab546893837121b1c1ea83faedd405d5bc7b97f70cdb6263e59edaadffa1436c902e0f5024d950feaa05580e526251630436376d09baaefbe2949f8b1e1f761fefd1bb385a6b6eac7231b00a98d31632be9e1c8cfbe5eebcdc02b602fd6b24e91f5c1076deb1535a60c4fdd1236251cdbfa05ad056f3062789d4f4b7550c0e18d73bd6b98d22d157f9db22e011cbdbbd6ec45a1b2f463deaa12e7845dcebae31973f02db66ff3f7d634add8dd03ebdab99b1737066c2b3b4933f4e0fd51b703a5b1da5cc8bb352cc5eab6da36b07fef22cdb0019fbcad3b243582ad64175b69063e79597bebde017c0f17c513b0283d3878b21de02fbd73a0b4e09c72fdad896bf0201eab1fc41474a08e0162dfb0d6aa1e31823747dddaf001b89aadfa41844b3b8028a47f809e6a75eb110c2deeabbf6e09c04abf53f1a943304a59b7bacf00aac4aae114b0c2eae6e47ded017baa151f0a6ed220a7f001b0b0b45a713618a30992b57801d218d5e43ae4fdbe07cc74f7a0428c2a654c134040cfc3567b031bb5ca9e02d47df0f2c4953224625fc10d561ef6174cc814b059fc88a66479e5254ae7fd4f33749d02472a1c9ff29d8307577bc13dc4e358761137823d13fc000a480586d7924f11435031949616206ac6729d2062835824bd161c43510496f9fe3d515ec5d3b89641b427cb2c8078964319db7a480eb1bdaf2f29fbaa5e98078801a4b36dc0460acf44d6abfec44a745d6d132992851be1122a8e869d8f2145676213a42fc8ae9d8dc6962322d1586b22e40084b9b491ff322e73a6003902614a5126f81ded78412570f365f4678a8f19a598794189e69af8e74a3a39447cdb184afaf69bf260574a4cb2fe3c9a0d80c469138b8237d42848f0ea7c02c00089db58a7fc476320cf1428bc6d0e2886fad3858ee3640005cda3551439e0f1a5edb11893e88fe18eb0388d99277a7c9974cd6cfbbfc16cfac06cf0a72b6d8ca0914b87e18eabf751a96eb617412695268b185a2b8b689d0b830053abf2da023ef9238649f217539ca6ffdc9879d8a16403fb2557848f92ab6d3c7393b36ac96299f2a104c142bf41e355fad88e633ecd8495b809554b5ddb86936df1e031adba0cdf7d78dfa1b97610ececa9dd50ef9d10f5e0bb9c34fafca35fd0dae2ac95fec182a0d82f54f0a58fa10fe350689d91bc9e8e695fcd4e5a29c12e0a9800be63241ada9fd23ff75a26a7f12adb7413b1fc32e8466d482faba8b0759b6accd8abbe8764bd07f5876586c08eea77b19ef41350ee3e916ca2a818c2ceeb6a01cbd5135cef2e57d046c550fb36e9b8fd59dcafb7cb5747e719cbf5a57131c49c9fd166361eb75aadf1783a4402157df9e4c6c5f05c3d04a194cbc5c5d0818bae947d856198be6484caf0a36aa04c2d5bcd18d67cfdd5e5b5562ac3caf5d86a2159c6f0abd600c720cbd4030cab26fed427660c9b75f6e40f8f7a8615db6680b25cceb0be6af687d1a16758cd5206a2039c617d71aa4785a49ee1b54aad24d4119433ac6b9ee973d8809e6125590315ac16189eebe9947d3af508c30ae3b9c0490d0586f58cfe7a292c846185143558c65e64584b1dd137c9b0b45d03dfb02030fc76c2014556888d31dc979535704390c0d0bf524caf34c3d2093238e32132bcfa0e85b3e028ca508ed7184233275464e83bfdc67b74518625070269a6684a0c3d4f1ee0fa0a67586e209066769bc4d0efb4a1e1af19c3df323e946e78bdccd0eb0890bc9a046758caae391832f4b988bdfc6709866ff65923ed3c628561e2af4ba8200a088625ec1aedfd032a436f06f8642fff889ea1f54ed234f8830cf7bef28ac5683bc5706fab98f537b9a80cbd59a745938362681d21d38f2306187aaa7c131a0e488696a3b9e0f65f1dc3a31f3f5118d84232b49435c8a05780a19fa4624f10053443b3da5206e44110432ff58ba2c941333cda3c1c9bed0d31f4226ba0ce268ca1d54b607779830c3dd83552ead980a145ec6f883d07647876cf50d257060c2d640d7acd09c8d043be461276260c8d650d3cb00567e87c9b4ea4389f09c36f53bb06bf430066e8fcc63239186dc2d0386a8417fac10c9ddfed219f142386867928e296130d43c7f11aa59ed288a1e1772606d78f61868eaf1152dcd317c3de575bc657314b6d240e7abff91f6c95e7b50f6b98a1e34e684516e89dd0620bccd1441c14538667fd6b7bee1d523a77b40cc5d536890d0ba5097a935a61e8d4856a282347b40cc59191063e9424a5b5ff4f61b87439d05495763a860d496fd2768d2467b47b4f8de3b8d417aa4ad63194f363a45d23cfebd55ab32a4397c5b507538623b911819c68aaa40c75eebb1af377394a512d123db5ba02b233a1c6ad09bb66a2f466b061618d8180ae3a22cbe15082e1aff274091fd9ff54fdbc4f5c61a89f84e7eac9a1e85b77d11afacee66cd34277ffe0f2e0a0fe015318f4dd98ee3422f95bd7ccee80a60ba323ea5260a22e9b10aa94612a70970f269b7c987506b2c7d416f8ed988c242f5a2a99890540fd12cb88c29314b12f0d2ed32efb47faee48570447d40fb12a17f8469c9dfec99a94213bbae4b57caedc0bf2deed19fefff4224fb30fd9d1856b330a70d58a41091aa69774f79668ed1af89a87245f1baa77ca95a8a1ee2aca7e471f12d4d935da079b2a0c477efe8410a5c794fa109a4fddd0a60c99c24889ae2247e59823e27ebb4c55f4f521418d5d8318124c971317f6dcdca42f88600c1b708ded28d8ae4142f96c7156c422ba7111d1907beee4629735815e007abd23fb26445fb89bc213e2ced76c43a192fd030abfa0028c85280893d88d8b885f69cc9ad471ed0cb993e85535cc6fd04b23ed73ed819b87ec37f0db1ef7ea630975ce9439fe7dedd2b03ae0f28ca924622fabd6077c8f0b036f1fd196d93ce1e4aa322530a179777ca9955749d1ff7e634292b0187f5ca88b54730f1ac33253f8297e62e457c1d786e58f896398ec5c3443ada90b6d9973881f2cc9aec1ef73e6d90034759a38ba1511a974c9c0f6292afe25bb06d50267b6e0a457e324544328fca4e0c5a3eb22da35a8adcb3ed988bea1cf0543d249cbc508fa310459835a635c0518dc17eda2ea840e79e5a605263e6e45bb063b5f27263d0805f4840b0f1157b92fb0038f3a5a85976920d28b5f5563746bbb0ba38612674f30050ddf46f54221e78dddd3cadf998cd23ce0c2a83162c8df0b7bf7dcae41a2133c1f67723adc303c18fd12f763902fcf539ad84ab3d38adb3c1c2eb233469b252f1cc0fc65a6e6906dc1f602153a61709108369d4d66b04f335933d2fb4d3c8a6db647dd446ab0b241014c06ea9d86dd84f8063cef4494d8e470d1727930fdb1259d5179ea67cd0d8e0fb0c206e4bf4870710ecd64e903b409feb46bf4ebf36eff9b2e64a9c51de34c1d687de667df99d616e3c534c67bd4cd2c50daf2e660e1fd9156dfdd654d5f6bcf701b13b5e045b8b0bc291fbf08b6cdb48bb044a4a4b1535880131fdfc83065205dc5297c215d5270d70d9c190e37b1b63e59a7908339105a6178d03ab5ece3505193228e8eaaf7a8dc5311d43e3dea022f7c8f1a38851cce6a4c8daf8a4f72e166b3b7ef58b22087cd1eb56ae9406121bdf36489dd0c5356ff4666d48b70388dcf4227724bd142cb148a2ef138b108a773b14d0de107982f6fb14fb95368f3291d4f57b0381ebc750e2ecd80fe82072ef0ec8700f72d250be3a9b22c5c41173565e0ab616e5cb47d743ba7ddb79dd93766e6b049b02c29347e9bedebdffd5bcb5b4b7eba790c1c9f0d5acdc3fc723a2d971a3dc2242391867f810fb8d20437b6bbe572f979796f3607e3ceac335dd53a065bf3526c7ecbc864cdb948d418dc81ef4ad05064c6868180e27108788f7a6af9b5c0061627cc133a500479285c73597b708277090f86aa5856914a0072a19f82bae53d8e5b1e41cb9c59d24431056e70d7349f8d867a574c92ef5334d9cbef82849caacf98ee6319007290e964ccdf63c6cc4435276e91dd8934ea2a4458281331c1f91e5514e7b21bdf8d41e9409615645671c996593eaca781cb9e2687981e84f7e433ab742638f3efc4f0dbb9edba01d62546e3e27ee3ae221ce9013385ed4e1c975a60582db87b8fd6faf2ea0cfeaf9745ccab5744af3ffdfa5b3ec46326ef7b507a87592b4f49b4bbb35bc7bf7a021a9b69f7c0ecd3beaa0df81efd9a0fa69b386c972a987d5c3f7257eb7abdd636d9f93f8d56bc914bd27bf30000000049454e44ae426082, 'Authorized');

-- --------------------------------------------------------

--
-- Table structure for table `results`
--

CREATE TABLE IF NOT EXISTS `results` (
  `fname` text,
  `tdelay` text,
  `tpt` text
) ENGINE=InnoDB DEFAULT CHARSET=latin1;

--
-- Dumping data for table `results`
--

INSERT INTO `results` (`fname`, `tdelay`, `tpt`) VALUES
('Result.txt', '653', '2048'),
('Att.jsp', '445', '19456'),
('Cloud.java', '852', '34816'),
('Proxy.java', '584', '89088'),
('ToyExample.txt', '352', '0');

-- --------------------------------------------------------

--
-- Table structure for table `tpaf`
--

CREATE TABLE IF NOT EXISTS `tpaf` (
  `id` int(11) NOT NULL AUTO_INCREMENT,
  `fname` text,
  `ownername` text,
  `mac` text,
  `sk` text,
  `rank` text,
  `dt` text,
  PRIMARY KEY (`id`)
) ENGINE=InnoDB  DEFAULT CHARSET=latin1 AUTO_INCREMENT=8 ;

--
-- Dumping data for table `tpaf`
--

INSERT INTO `tpaf` (`id`, `fname`, `ownername`, `mac`, `sk`, `rank`, `dt`) VALUES
(1, 'Result.txt', 'Rajesh', '-42ee9438c9385b57ee0cc7097625b4476b28dcf8', '[B@2af8f5', '0', '30/09/2018   09:28:42'),
(2, 'Att.jsp', 'Rajesh', '2f52733716a7c0aa92a073cd46e06b9ac82de224', '[B@1e779a1', '0', '30/09/2018   09:37:29'),
(3, 'Cloud.java', 'Manjunath', '38166df30f3bcf7168133b6b80eba3cd82b671be', '[B@146b6db', '0', '30/09/2018   12:37:57'),
(7, 'ToyExample.txt', 'Manjunath', '-1ace7be87e4dc03b0c0e8ef65bf892c1211a245b', '[B@dd5681', '0', '30/09/2018   13:15:10');

-- --------------------------------------------------------

--
-- Table structure for table `transaction`
--

CREATE TABLE IF NOT EXISTS `transaction` (
  `id` int(11) NOT NULL AUTO_INCREMENT,
  `user` text,
  `fname` text,
  `sk` text,
  `task` text,
  `dt` text,
  PRIMARY KEY (`id`)
) ENGINE=InnoDB  DEFAULT CHARSET=latin1 AUTO_INCREMENT=55 ;

--
-- Dumping data for table `transaction`
--

INSERT INTO `transaction` (`id`, `user`, `fname`, `sk`, `task`, `dt`) VALUES
(8, 'Rajesh', 'Result.txt', '[B@2af8f5', 'Upload', '30/09/2018   09:28:42'),
(10, 'Rajesh', 'Att.jsp', '[B@1e779a1', 'Upload', '30/09/2018   09:37:29'),
(11, 'Manjunath', 'Cloud.java', '[B@146b6db', 'Upload', '30/09/2018   12:37:57'),
(12, 'Manjunath', 'Proxy.java', '[B@996cca', 'Upload', '30/09/2018   12:38:22'),
(37, 'Manjunath', 'ToyExample.txt', '[B@dd5681', 'Upload', '30/09/2018   13:15:10'),
(39, 'tmksmanju', 'ToyExample.txt', 'Not Found', 'Search', '30/09/2018   13:16:09'),
(40, 'tmksmanju', 'ToyExample.txt', 'Not Found', 'Search', '30/09/2018   13:18:21'),
(41, 'tmksmanju', 'ToyExample.txt', '[B@dd5681', 'Retrieved', '30/09/2018   13:18:26'),
(42, 'tmksmanju', 'Att.jsp', 'Not Found', 'Search', '30/09/2018   13:19:05'),
(43, 'tmksmanju', 'Cloud.java', 'Not Found', 'Search', '30/09/2018   13:19:05'),
(44, 'tmksmanju', 'Proxy.java', 'Not Found', 'Search', '30/09/2018   13:19:05'),
(45, 'tmksmanju', 'Att.jsp', 'Not Found', 'Search', '30/09/2018   13:19:51'),
(46, 'tmksmanju', 'Cloud.java', 'Not Found', 'Search', '30/09/2018   13:19:51'),
(47, 'tmksmanju', 'Proxy.java', 'Not Found', 'Search', '30/09/2018   13:19:51'),
(48, 'tmksmanju', 'Cloud.java', '[B@146b6db', 'Retrieved', '30/09/2018   13:19:55'),
(49, 'tmksmanju', 'Cloud.java', 'Not Found', 'Search', '30/09/2018   13:21:57'),
(50, 'tmksmanju', 'Cloud.java', '[B@146b6db', 'Retrieved', '30/09/2018   13:22:02'),
(51, 'tmksmanju', 'Result.txt', 'Not Found', 'Search', '30/09/2018   13:25:42'),
(52, 'tmksmanju', 'Att.jsp', 'Not Found', 'Search', '30/09/2018   13:25:42'),
(53, 'tmksmanju', 'Cloud.java', 'Not Found', 'Search', '30/09/2018   13:25:42'),
(54, 'tmksmanju', 'Att.jsp', '[B@1e779a1', 'Retrieved', '30/09/2018   13:26:47');

-- --------------------------------------------------------

--
-- Table structure for table `user`
--

CREATE TABLE IF NOT EXISTS `user` (
  `id` int(11) NOT NULL AUTO_INCREMENT,
  `name` text,
  `pass` text,
  `email` text,
  `mobile` text,
  `addr` text,
  `dob` text,
  `gender` text,
  `pin` text,
  `location` text,
  `imagess` longblob,
  `status` text,
  PRIMARY KEY (`id`)
) ENGINE=InnoDB  DEFAULT CHARSET=latin1 AUTO_INCREMENT=3 ;

--
-- Dumping data for table `user`
--

INSERT INTO `user` (`id`, `name`, `pass`, `email`, `mobile`, `addr`, `dob`, `gender`, `pin`, `location`, `imagess`, `status`) VALUES
(1, 'Kumar', 'Kumar', 'Kumar.123@gmail.com', '9535866270', '#7837,3rd Cross,Vijayanagar,Bangalore-560040', '05/06/1989', 'Male', '560040', 'Bangalore', 0x89504e470d0a1a0a0000000d49484452000000e1000000e10803000000096d224800000084504c5445ffffff0000009a9a9afcfcfcdcdcdcf3f3f3f0f0f0f9f9f9dfdfdfeaeaeac3c3c3bdbdbde3e3e3c7c7c7656565f6f6f6747474464646979797848484aaaaaa525252272727b0b0b03d3d3dd6d6d6cfcfcfbfbfbfa2a2a25454545a5a5a1b1b1b3636362f2f2f2222227070708e8e8e1919197c7c7c5f5f5f1111114a4a4a8989890b0b0b76a02a1b00000a4d49444154789ced9d6b7baa38108081004a41505151442deaf1d6ffffff1654cac504022499e8f6fdb4cf9edd9e4c934ce68ea2fcf1c71f1f0a32433b9845d3e3549b05f6c840d00b6289b78a6e9bbd5a66373969a101bdb49ea4dbe4adb4cd8f4ae43a7d73291d2d264bf764e1afa097d91533fa6e14efc17eea402fb603964f29de83d3107ac12d710eade44b39ebd08b6e81d76eff32c616f4c2a948146870e92460c2147af5540ccf5de54b584aae57d30730ea215fca4d7263c7737b0a98180152dfc670d15bc0041b5a0c020829360bf91234e571e2a5a3ef15cc39c82961b7479028a27cf4d73145e60368795e38311550555dd98ee98db1808988d02215487edb33e60226ee86228dbe414ac0414055f56511303145b908a8aa2368c1320631270955590cb8312f01d52bb4680f7868998c23b470290e470155359440dbb0b565aa2ca0c553941157015575062b1e52069d6332b4408752a7bc0584b6de3cee02aa2a6cac98ff16aaea185240e39f000955c86038bbb8451d800effa09af6e48405f6ec7f8911508d80e4e36dcee4c450025a82045455a86c064fa7a28c0f24e15c98842a8ca631c40908f4248ad2a429301e06eb18701d671009970225dc43d415f18d5e5409012464952ca403c2ac116375674058df22158daa4e0024dc0895702ffecde717cac7233ec02fceec7e20deaa11fb58403c17bc326a24c417d9e882250c844bb8122ca1f8275fac49035198c927754f467c2651f41e6ac225147d0fc5fbc09faf4b3fff3dfc7c9bc6ace966e201401691b6e5871100c5435ba102eec50bc8b424b81988ea2871598b148854b7c890374cd0db142a21487eed2a50c01820f98494a3400961ca864281128ab74aef089410a8b84d54a1025c0da638371faa54d8e05e7999015681c9af84bd0c445ae681286d0aa44953881ed422d25a1311359707272159d77469ae23d5e7dc98af9b1e728aad43889a18bd03ed9c216ee2de6cfdb3488714b6ab04112b4c5bb7f21243ccc0cd4fe49b386b272231fe0a790bef90cbf75ac5ff8c09e1a72cc06710d5c4bed3f641aa6d448a457c77be38af9f829a8814dd4b9dfc1286c4590c73ceaba7c1a829673fd11db19aa0962341ef5a6d6fd7fedee85abf48a726f20a68af15a96d9cd93634f30eeb6aab40db658ad487bfe75f64134eaf754f624083b48cd194a539ad716bd58f71fdff06dd98f70ba271a336b760653d158f67e9eba9dbd87023d19c1a2a111f2c969398322f07dc3d5a857dcc468a36ee22ac0b6a6fe9d022b9d0980a789266ea4701961536928ea663976f836bc76b4067d4342bcd4c93574c16c9fda5c44330110b7d3356e4d3a225fa8edd93c89021e1f5c99c1eda87e844931eb055d7dbb89458c554083a29d548eaeb5701cdda1685ed22699c415a6c527c10c762967ac9efb4877746fe8e4abc9ff15abe29899478ebe6a1c2d7407efd598b194ec961f1c9f1eb9e9578bbe359c50b03ff1c972fdec60f466fa75b1af09c55f865dbf657b872defc607e183cad64b92df08fc118da013f7fce497e38d01769d2bf75308c0ecbbb017ae033e608dd531a97ef831602685d67e616d4ff3f1e39a251c1d3dc6f23b19e7ff0e21fb9ac93d18397cceb7c262ae1bdc27f7f24dd46466735f9316bac49db94aa634248accd9ab06b4dd2893ef484775e3fac2d5f3fb3694eb26a07527cf38ce4588de5967e7f73cc6b9cc5b87138d9ea886a0ce4a15f678443d56c445901d1123da6f9bb13b6ddefa3435b93bbe3a072da64cfbeb52ef9692b6813f7f01987058cb675f96ecbc0040adb7e036bc234cbaf7709649fa3e71a1ab582151cba841f993d1ca8fbbce7e5edabe9376d855ae7a161cc6cc57e39fa9ff9d45e99af677660aed6d1b95f3e8ed13c4526ad94f1c49d6ad12cb0bfd26f75469a7ba52dc9a8a5bf889c3ecec18e53ff1d143de1a32dbd7751f4808ff6f4acbb113ddfa30bbd1e0d932ef1004c0faf0d899d3ad795c5a0b3ab2176a84077ae5d2514d9e8db8f4ec60d520c261f331443b770a6d8e196fdd876d9c477782872820e9b28705a3703f6ed1d62d9adb52aad4d1b14432fb92d6d9bf8e4f62870b4f532044f816241bbfc94fc2ec52bed2aa7dbc4f56461d7469d8a1e19c88636b69bc8e13aec68f17901d193ac5941ff60bc8f535186be534ad4cc12d6508fad436fe43695a13da6a20777b283363dfc6e46770eedfc8577727dcbd00e237a439b3483ceac11f91d27d69043a72bdf9d79cf40c0bbbe862978558314747f00bf9f9522efe8576410e69a5bcf24ecf7c3c312fb891cb66026482607d3d997ffbc6dc9804c609569f1f5bb3b9122e792b2063750b97c2653174be4d7c698f3aa63aa75322b45890116c68c6a3998f912f6dd99ca5be40c49546cef15c689f015c1e3e469708f9a76a3eadb2cd77f621fbe9dc8d1b254b899a132b09b5544690ff16dd717c9248c4b55880d6ecfbe58fa8908cf9e2b9784d74a9cb7b6c26e63163250af3ae6c1c5914a42b7e22c20c5248772c788e257b1d7858e786e628b490a7a31e13f2e0dd320cde8d8a6cf09a7d576c0c5663d0dbcbec9dd0a441e3ff6f85024bf15b7648b2d4d458a8711312eb5d4908285cf6de6baea16e43b98fc8357bc90af77f16a15fe5b8b94beceb699f3c269d914f64f9fab974341511a95404b41c7206548a8595de8d999e0bf781a96050b737dff37bbc2412cdfc592df4b72e0e7c6ef6f88f7dae9281827995efc71f2ae52afb08b2d748c4412def235e79bb2d77351cccc8d2de99841838e9148c2fc8c965eb6c2ce3e0feaa464c790cc01bba495792f9e863c1558be56bb61be543315b1301d1311db7a76958e33eecba7e0379d5b0d6dfe14ba1b06319d8eb91a957795f7ea69c87c0423aefec9af464d166d96fc0ed288aad73214be6ba7233b56985e96a246cd0f28d157c2cd7ee3ba744ab2b3883b78ff707d9c245f495d634c3f9e2ba7253b8ad8a2909fd74428c957ba60bb5a637e0ba7e637c382cdf4fd2b99d928337a5ed9e25b5ac57d20874c9eeac416d35fcafd62241d3326f4cd89fda01a9e38df21ec94a2e25d44a48c2ef9f3b33204bd0b6d22581d92dcc5a74635492d13359d2632d47c659b883071f93b97e75d5c11062e57ed98323264108b9586357791d4fc396fc8775bcd23bab85348e7e27731d5a8245f698cd530bf3fef7e527d619fab221116d643d84552530fdd0c5bc316fb2dd5570a56275ea392585309986206b02d09c5183d7d93d9bedd740e7376063caed92e22d25dc4b0693f51c20c7db017322c182574e769dc71d682638f610a1647b98854bb18f5997ae2ac8f0005eec5bbd8bc8b76ffb92e7ae04fc426898b7e7cc32ec6ac3e4f6e3af6f120ee6afede45d4500973653c8dd1b446d1f8cafd76fe2ce60587b7ee2efa9c46d779fac88ec6db98bd6c4bf7188cf4520e18d5dc45fe1f1b3086e13a9ade4e077719772c58b92c26eed8d78251a85bf80d41c4bb28765036f24cd37246c14c9b1e8f37ff743a8ddded667e9d2cbfe3451c7f2f2793eb7cb33d8fc7a7937f9c46813dd21dcb340daab70cb78b3b5966f1238406a8f7ccced75d24c463de1654ddc5c3c7cd39ad685469bff7d183d2380b09be1fc89ca2468df5f79f958d25bb8b934f9b989df3a8be3f7de6fe3d194db5f003c6b937f1f102fef13fe53f84b6b672164513e50000000049454e44ae426082, 'Authorized'),
(2, 'tmksmanju', 'tmksmanju', 'tmksmanju11@gmail.com', '9535866270', '#8948,4th Block,Vijayanagar,Bangalore-40', '05/06/1989', 'Male', '560040', 'Bangalore', 0x89504e470d0a1a0a0000000d49484452000000e0000000e008030000002df39ad300000072504c5445ffffff000000f0f0f0d1d1d1575757787878bbbbbbcbcbcbf7f7f7f4f4f49f9f9f969696d6d6d6707070e5e5e5ededed7e7e7ea9a9a9262626dcdcdcb5b5b5676767373737161616c2c2c25d5d5d3a3a3a3131317b7b7ba3a3a38484845353534646469090900c0c0c4040401c1c1c1212128071da4100000e2349444154789ccd5de982aa3a0c7670c30d5440745c469db9efff8a7794e398b429245d80efdf9923a529cd9ea683416844e9323f2fd6c575b72deff78f8ffbbddceeaec57a71ce976914fcf54131ccd7a3dd472d76a3753eec7a9e169865e7f1bd9e3488fbf89ccdba9e331fd9fc50f2897ba13cccb3ae67ce403419cb697b633ce93557c6f9c885ba0aa33cee9a0e1af1e4e04e5d85c3a47f3466270bb633a33cf58a1fe3fce893ba0ac7de6cd5d9c2ebc77ba35cf4417524a730d45538255d93b70a49de03ab2e49649177ff1ead6ef97eba4ca27f4c1547c972bacf6fabd137c7dae98cc4f8d234b5ed78be4f6a357794ece7e36dd338974ec4cdb9764ec76223b0a1879ba25e0e9fc3d161c0b46ed98b8dc5ae4a3645cd90dba97f1a6a907e1967b2bb38783fc38bd9bbfa4afdcdbf0973e32c6ece064876330e3ef73177ce144cabbcf2e4b90e4dc279d78afd66f87cdb8d47b363b631b078f88f987e932f2ebccb80292d72be0373e2847ceb38c8d6c968d77912e25d2f90afbc0473c223d29418877add20a2a4cb38a82195504bba0bb4a27be25d45703b31a178711fe24d8469d68e7941194d014c376221db52bc94662a3cbf22d66db3518ba653aa47ebbebc7a18e98ff682a0d25a87ae9f7e3c2e70a6055d0eadc767232d28597ad3be4b6df536be869660a34d63e967e0a13aeeb6a31842a289532fd6fd541df5643148badcdc8acfd7089fc56db3b461212d82e7414f69f489b7e76cb2222df4efd544ec8068dbd499426d7f0a393b997faa23407cce85db3d534770dca5aa7c39ca36d6c41cdaf8c3974ce1a46a74ca49d2a8eb35124d65d14c5d858568d954a5efa02d5245ff491c955963d414e222e146c5c328ad357eacd077113ccafe7a2f2c04a697b276a5add5a630d082ffe45e37ed1af123f08194e5fb92d3f680e23ff07d87c832913de2db7f8a7f61e55b28fe1f9f3e3a6ec3025fa02a145af8878affcedf9f6e5516ecd728bb54ece347f879b67c99d5eaf566ecd8e254913452f706c797d80bab193e2f5c57e7fd30798abb3819eecfababe9976cd3046f959d8c3efc305bbf5371a95fef633124d6371a2ee8f0357bb76159268a26623971e43ea67b6c0f6bb3460fa7a4a5ca36e7b1d52630f952fc42aea540d0376ab4f6a7844ee1526839cfc1007b375c5b4fa7af603d9ae9013b2e85d856fe663ea5e818eecb34fe3bb27db5a996bfe6f2215e54a6aec6cbc2f5df35f9298a9a6aa62b5796621f9fb7d99086d8325f345326288ddb68f116ae3e44cfb17405dea0dc792ad2d02203a458409fccc712e9b6c19289cb80caec048ec71bca36e5ae1166c366498a7ca403f3258a7d6d19f5b61c0545841b3d271c44631a788ae19a3367a621ff707f7b93e8463ccb5d43acab1db216f81b722d44f45483543cdbbc006b402bfe7b01f321571ba205ae750d63343ed3f489517cc231838ea4d50f33d8820563dd43c8c7e26a6ab4ea5cbd6904e211ee6e40aaadc6774d6ca68abfba735e06eb356ebc6ccb9b032aa1e25a92e8ab3b316005b421b8910424fc57a65fa1c5e306aad0fe677b8e75409637d705421e89e913ae383f528116dc4bd505fa1adc2d813e8ee113a2dfb085a1cd576f00fa1adc8790f8a5bfcea9f9273a9092f5943447fe1ad76c409f87f4f190c3c30e1342d355947baa0354dcecb03c127694b38598891b6544ebe6adee097121772f219394605d944a627320d4b05c0f8e01e85db22303900b898413b2e4d9cc6435936658ad1b625ddda381da872d0d11df7aac3c42ca951dcc87d257d3c8887c36334119ea6c854240d38bed7e21d65537e1c96aaad034f060a5bd01259ed1f2d2009745d11448c4f02b616084d8eb6978188464c7735178461133485fb3373d6215afe57948e6b3991b8904bcb361e086bf256015cd95fd140b30bbc6af84812c830266c8a7e3ef35b825f8cb229e2a9f6550781dee51a404f9b3b881a73c5751c3e0d08dff18a403aac291dd7050f1782e8487812c819302971c98c688a5052e01b4633cb714819b4d60032275fe167b50864a72dd7034cf45b2c88a173c0733476f390acd5441bd1622d0f3315b24f604cf41a7e9ed32c0c1245bcd721221c71e52cf65b613ed2181e8b9973881ce8928acd24702a1647f3970d08c115564f79140687cfc336666d0d016094338899e0819247ecbcaaa862c288bdcc249f4444d60cfbd62426815c9229bfd53f403cc8495fd08b5a0ec5044ff4cb50166c24a13c28e20b2ef70d316cb1b2c8ded01fef6f7e75fc01f84b2b077eed2132a3d906261e0a8770eef133032f3d891d01714e69ffb16b2a80065cac3275c837f4b63b73d0b3a558086d97a809d5da928ec59d8b00214c00fa7177a50526dddafc0ef3f401b618777fb5dca47fd0addff4304f55e84c692eef67e255fc849a548d4cb33987d4a9ffd014a9525d2127265dda304e81b50f4e50e36d113fd4961bf71038f9f9140b6a883ec4d110200dc940ba4e76d3c0238992ecb4800a0225ca3d16c98a8278540a6010a17abf6899e947241601fc0c59079a217c57808d8948146919543d08b724a04689c6d07a5eb707d2888c5804b5ea28085dd94ba2f69560186b87b20b0fba27415884038a0edb43a3e56a001d1e483c06e0f86e8403479d8a21d1fedd181b6a81702bb3c9c450011e8ae269ee8ec781d01ac269c157d85ce0e4812c08aded954fb07ed88ab689b5a1f71a5804d355763fb0f9d1c5226818d6d5777e98d0e8e99d3c0ee92abc30bd07aa30003b0c3eb18b24068bbd583013864e11874c268b75987093730d8d9316ca8a2cd762b46e0b0a15be057836bc39c4f0fedc871e0d72d744fa0a5964735c0a17ba7e40b89569a56d54049be783365de9859de3075f0d32d5f499f392540694479e3252714b6b99f2cb89a0075496193e33bdc7f36f2b1c26a0adba1084147cd75184cb85fc9a11621389491a8987ab9deede0980050cb48bc15454ebc5d80767492a61a3df6a55c10b9a386c7f8b4378bf5522efb62bc37f65672b30e5b5b79a317e3d99753be9079b83852c7c84edce8e594f605b115664df7d795d7c365b39f66e9ebeeb3349bee3797c3b5e95abf938de6d70b62ed4b9a9fc8d569e1cfb0d827c669ce92fda2fee3cb59912869b62f4aff456a747b3e7e8a9c17b2c80b73c7dcab34034a14a5db1f2ba07df80ab7a120ca1a0f6fc681844b4e1d2bb03e18626ae6bbbd58c887ec6290c482d6bf03fa6088edd11e83fbfeb5b78c90c77b436375db39fdfdd5ee70d68d9cccc5c9e54ae8f6e3fc60117d38cbea781d6977ca9aba53a01bc8733bd8198ed7591c904ca8db3b3dd5c45224de791bc37040527ec455bb85e2176b6f05a3e99a189ee563dcc0033084263da44c28f791d7b33d09219f394adff47be13173620fb906c535106bd8cc01c663e6b24601baa4f37d8fd5137a4ea651c21b1b05885a3de881cf40974ce9f1c786904a4dab0741b30e8dbeaf70f70f6a8abf9ec29a661dfc762b9a6f64552fc785c60db53d956bdaadb01be6686f0c7215e01b5abeaa663d6b1be6305b1e6917e505bf3856bb87c81cbbad6d79c46b5aa5caee5d0bb770c7eac59c268dd4d0b48ad3764c751ffcde01688276f7a1415137b41d63348e537ae787d17e14548d48da844d8de318adff94c8676bf469149255508dadff1a9b372afe518bf4691412de5373f3c6a6f69b9bc6778484b2baba2dc268bf59df4055b9e6cd4bb65b02e5863fb5288bd340b5be052e8eecfd78bcba9c87993201e5bf592d70eb9a182b16688b57d4bea0c870cc43bc26c6356da8150fbe951b9455d4cd81d986dadc481c8fddc925ae9a9803ffc36d246e6c058f63242d0bd037b0285dfffd9ddf0aded0cc1f9b685e8f5b8b10e3d8f79fc9c66fe66fb88e01e7a63d5def6b03acab5e1e83e43a06f2420dbcf79d4b125d704353a96481ec420de24a94f83f6ad93a02da4cff3dd94d76250a71a90d76e2837bb8f5c0feef43604a2fb5d1ae25c207066cee89f60a1c139ac9af25d22e96422ac2f6c09b3fe0c37c6b8b8ba5945d50a04a01ef016c3950d8a4c47e14937fb4c8d21f3a963015cc0555ec5a42f2f2f1073ab141555099ad27f82e9c1a7c79c15b2f0737982a4f042e8ea12ad97373385b186a03441912b2b2fc1a66be7290b539c25a5735dafa402f38f0018a0b85d7d4aac7727bf501c94f284e71e9a7747aa0035fd0d3bf1639a0b33a86ff79da439d9b55674525d8eab979a11b56786e96416825e9e1b5339c1b942a088bb6484fc44ac16ad05cae044a16964a25f1902a147a393ae50e4549970e415a35bdda0b5b4db5d49c5c702523f171ec20a48d91aace84630c4cb3fb7a15b2f8f0601f6b66514761ed0a5a09b507f351a3b0c3b08c56a4e3c53cd676a9b44f852f68fd2e7cf96faaa4e9689bea15fede62ec997644e510ac3ecd84482ba12e3dcabb543fb911a8c2d0043dc6f0e3556369c538bf4abf459598ea6118ef45487a79aacf9eb7f520e298018a5834fff0579cb612c4981227623c77d6af4075e228826b8c84d83aa16a38232a12350e4a624285f776e14438194dbc842b69260ffa0475dae888f03888059ed16d3f02eba794ce5b14dec5cd94e2bd8f8feff0cac9907bda6e3c5677cd3686b384ad68a68c92350fac3cd9bec395e105bbb69c517302d1bd13454d378cd60c8b5f4e341cd57cacf2c5e13b0e2fa6ddf16b9bb51b2da1cc8b3f141b0be5986c68b152a11da3098130dd008ec54672f27653d477fa08629a3521a6cfdbc2651fcff749ad191025fbf9b8b10fc6a5abda8ec424ee20ee9fa3d52ddf4f9749f46af51025cbe93ebfad469fd4415915ab8e22247c129dd029794f129b5a7538e1d435790fcc164d5d452c512e5a2f7d3720cebd753b7ae398775e3606919dbc7ec6f2d4718a80403cf1d293eb81c3a4571fef8d38f7d0fb68d4afada9229ab875a79cb41e51b640363f5830647998f78fef8c9865e731c74af987fbf89cf545254830ccd723b3fff3c46eb4ce7b52e3678b285de6e7c5bab8eeb6e5fdf7abdeefe576772dd68b73be4cc373dcffc825a4280939d8920000000049454e44ae426082, 'Authorized');

-- --------------------------------------------------------

--
-- Table structure for table `userrequest`
--

CREATE TABLE IF NOT EXISTS `userrequest` (
  `id` int(11) NOT NULL AUTO_INCREMENT,
  `username` text,
  `fnamereq` text,
  `ownername` text,
  `reqdate` text,
  `resdate` text,
  `mac` text,
  `secretkey` text,
  `resstatus` text,
  PRIMARY KEY (`id`)
) ENGINE=InnoDB  DEFAULT CHARSET=latin1 AUTO_INCREMENT=4 ;

--
-- Dumping data for table `userrequest`
--

INSERT INTO `userrequest` (`id`, `username`, `fnamereq`, `ownername`, `reqdate`, `resdate`, `mac`, `secretkey`, `resstatus`) VALUES
(1, 'tmksmanju', 'ToyExample.txt', 'Manjunath', '30/09/2018   13:17:48', '30/09/2018   13:18:06', '-1ace7be87e4dc03b0c0e8ef65bf892c1211a245b', '[B@dd5681', 'Yes'),
(2, 'tmksmanju', 'Cloud.java', 'Manjunath', '30/09/2018   13:19:29', '30/09/2018   13:19:38', '38166df30f3bcf7168133b6b80eba3cd82b671be', '[B@146b6db', 'Yes'),
(3, 'tmksmanju', 'Att.jsp', 'Rajesh', '30/09/2018   13:26:25', '30/09/2018   13:26:35', '2f52733716a7c0aa92a073cd46e06b9ac82de224', '[B@1e779a1', 'Yes');

/*!40101 SET CHARACTER_SET_CLIENT=@OLD_CHARACTER_SET_CLIENT */;
/*!40101 SET CHARACTER_SET_RESULTS=@OLD_CHARACTER_SET_RESULTS */;
/*!40101 SET COLLATION_CONNECTION=@OLD_COLLATION_CONNECTION */;
